Date,Wilshire 5000,NASDAQ Composite
2021-07-30,52.5642,22.742653515624998
2021-08-02,52.4955908203125,22.755658984375
2021-08-03,52.8516640625,22.879999560546874
2021-08-04,52.6268884765625,22.909821923828122
2021-08-05,53.021531640625,23.087436181640623
2021-08-06,53.064854296875,22.99542763671875
2021-08-09,53.044059960937496,23.033278515625
2021-08-10,53.0667634765625,22.921539257812498
2021-08-11,53.1862466796875,22.885966455078123
2021-08-12,53.3211650390625,22.96520263671875
2021-08-13,53.335355859375,22.975495605468748
2021-08-16,53.3140359375,22.93032763671875
2021-08-17,52.8999775390625,22.717078515624998
2021-08-18,52.3899615234375,22.5151607421875
2021-08-19,52.3230009765625,22.539774560546874
2021-08-20,52.7949591796875,22.8077232421875
2021-08-23,53.33910234375,23.16110810546875
2021-08-24,53.547980078125,23.280689697265625
2021-08-25,53.688095898437496,23.314883544921873
2021-08-26,53.3378265625,23.166004833984374
2021-08-27,53.909583203125,23.450725
2021-08-30,54.103555859375,23.662128955078124
2021-08-31,54.026573242187496,23.651822363281248
2021-09-01,54.1013951171875,23.729538818359373
2021-09-02,54.28968515625,23.763328515625
2021-09-03,54.278009960937496,23.813455273437498
2021-09-07,54.0630048828125,23.83021162109375
2021-09-08,53.888020703125,23.694291455078123
2021-09-09,53.711244140625,23.634787499999998
2021-09-10,53.2961525390625,23.429009863281248
2021-09-13,53.3838759765625,23.413649121093748
2021-09-14,53.0245099609375,23.30852763671875
2021-09-15,53.4802333984375,23.500371923828123
2021-09-16,53.4649599609375,23.53197587890625
2021-09-17,53.065267578125,23.318153076171875
2021-09-20,52.099644921875,22.80654560546875
2021-09-21,52.1254166015625,22.856920605468748
2021-09-22,52.6351900390625,23.09011689453125
2021-09-23,53.2902408203125,23.330972363281248
2021-09-24,53.3154150390625,23.323935302734373
2021-09-27,53.2446900390625,23.203453076171876
2021-09-28,52.110893359375,22.547353515624998
2021-09-29,52.131903320312496,22.494282666015625
2021-09-30,51.5775359375,22.39529912109375
2021-10-01,52.167162499999996,22.578385302734375
2021-10-04,51.447779101562496,22.0959947265625
2021-10-05,51.955679296875,22.372436621093748
2021-10-06,52.1482009765625,22.4779607421875
2021-10-07,52.65323515625,22.7137302734375
2021-10-08,52.5027423828125,22.598287060546873
2021-10-11,52.140056640625,22.453610302734376
2021-10-12,52.1324333984375,22.42217587890625
2021-10-13,52.36065,22.586041455078124
2021-10-14,53.2113984375,22.976316015625
2021-10-15,53.529948437499996,23.0908767578125
2021-10-18,53.74738828125,23.283804833984373
2021-10-19,54.118955078125,23.4500892578125
2021-10-20,54.3208474609375,23.438603515624997
2021-10-21,54.5078841796875,23.584335302734374
2021-10-22,54.37413828125,23.389810302734375
2021-10-25,54.6802673828125,23.601400439453123
2021-10-26,54.6947142578125,23.615350439453124
2021-10-27,54.26438515625,23.6155517578125
2021-10-28,54.87528671875,23.944586181640624
2021-10-29,54.9643533203125,24.022503955078125
2021-11-01,55.24616171875,24.17367587890625
2021-11-02,55.3285798828125,24.25687939453125
2021-11-03,55.8001517578125,24.50794912109375
2021-11-04,55.97206328125,24.707479833984372
2021-11-05,56.1984650390625,24.7559642578125
2021-11-08,56.2944765625,24.772658544921875
2021-11-09,56.1058900390625,24.624137060546875
2021-11-10,55.508280859375,24.215200439453124
2021-11-11,55.612930859375,24.341634423828125
2021-11-12,56.0191099609375,24.584487939453123
2021-11-15,55.9854275390625,24.57346689453125
2021-11-16,56.2195783203125,24.759483544921874
2021-11-17,55.9793091796875,24.678433984374998
2021-11-18,56.0250666015625,24.790250439453125
2021-11-19,55.882641796875,24.889032666015623
2021-11-22,55.5478076171875,24.57487763671875
2021-11-23,55.5450673828125,24.451466455078123
2021-11-24,55.7377732421875,24.5601072265625
2021-11-26,54.484295703125,24.012073242187498
2021-11-29,55.06762421875,24.46338662109375
2021-11-30,53.97648984375,24.083420166015625
2021-12-01,53.101905859375,23.643777197265624
2021-12-02,53.9381041015625,23.841046484375
2021-12-03,53.3150916015625,23.382478076171875
2021-12-06,53.949869140625,23.59898310546875
2021-12-07,55.12339921875,24.31472587890625
2021-12-08,55.3742923828125,24.46983486328125
2021-12-09,54.7815392578125,24.051923681640623
2021-12-10,55.1563583984375,24.22742939453125
2021-12-13,54.611177539062496,23.890584423828123
2021-12-14,54.183179882812496,23.618341455078124
2021-12-15,55.04685234375,24.12664912109375
2021-12-16,54.42470234375,23.529666015625
2021-12-17,54.082568359374996,23.513003515624998
2021-12-20,53.4054474609375,23.220457666015623
2021-12-21,54.500916796874996,23.7786892578125
2021-12-22,55.0212109375,24.058928955078123
2021-12-23,55.396766796875,24.262723681640622
2021-12-27,56.08249921875,24.60045263671875
2021-12-28,55.9392658203125,24.461665576171875
2021-12-29,55.978792578125,24.437640576171873
2021-12-30,55.8991416015625,24.399417333984374
2021-12-31,55.730334179687496,24.249703076171873
2022-01-03,56.10776328125,24.540839697265625
2022-01-04,55.9598625,24.215215576171875
2022-01-05,54.6648142578125,23.40526337890625
2022-01-06,54.674207421874996,23.375333544921872
2022-01-07,54.41931171875,23.15064560546875
2022-01-10,54.3303708984375,23.16138662109375
2022-01-11,54.9134208984375,23.487847802734375
2022-01-12,54.9781083984375,23.542003955078123
2022-01-13,54.1415732421875,22.950554833984373
2022-01-14,54.1689576171875,23.0853125
2022-01-18,53.062266796875,22.48569560546875
2022-01-19,52.5241341796875,22.22740263671875
2022-01-20,51.91346171875,21.9387302734375
2022-01-21,50.8527798828125,21.34182587890625
2022-01-24,51.12344765625,21.475451318359376
2022-01-25,50.4195083984375,20.985899560546873
2022-01-26,50.250355078125,20.990286181640624
2022-01-27,49.841691796875,20.696809423828125
2022-01-28,51.060494140624996,21.344383984375
2022-01-31,52.2289390625,22.071813818359374
2022-02-01,52.678795703125,22.2363
2022-02-02,52.9517724609375,22.347202197265624
2022-02-03,51.6175658203125,21.512171484375
2022-02-04,52.0309234375,21.85191513671875
2022-02-07,51.9061259765625,21.724288378906248
2022-02-08,52.4078134765625,22.001397802734374
2022-02-09,53.2650216796875,22.460073681640623
2022-02-10,52.345942578125,21.987741455078122
2022-02-11,51.359345898437496,21.37628310546875
2022-02-14,51.1636033203125,21.375925878906248
2022-02-15,52.092596679687496,21.91662763671875
2022-02-16,52.0780150390625,21.8923392578125
2022-02-17,50.8894091796875,21.260915576171875
2022-02-18,50.4465423828125,20.999508984374998
2022-02-22,49.8576525390625,20.7413552734375
2022-02-23,48.885844140625,20.208109863281248
2022-02-24,49.7959208984375,20.8840642578125
2022-02-25,50.8991392578125,21.226661181640623
2022-02-28,50.898092578125,21.31467060546875
2022-03-01,50.10936328125,20.975312939453126
2022-03-02,51.02081015625,21.3156302734375
2022-03-03,50.59556171875,20.983807666015625
2022-03-04,50.066125976562496,20.635832666015624
2022-03-07,48.5164515625,19.887987939453126
2022-03-08,48.287844140625,19.833102197265625
2022-03-09,49.597604296875,20.546102197265625
2022-03-10,49.38547421875,20.351437939453124
2022-03-11,48.6514732421875,19.907904833984375
2022-03-14,48.1278099609375,19.500890576171873
2022-03-15,49.126517578125,20.070361181640624
2022-03-16,50.37641484375,20.826652197265624
2022-03-17,51.091508203125,21.102909423828123
2022-03-18,51.761041796875,21.5354517578125
2022-03-21,51.661494921875,21.449612939453125
2022-03-22,52.3149240234375,21.868671484375
2022-03-23,51.66383984375,21.58002939453125
2022-03-24,52.3840048828125,21.9973517578125
2022-03-25,52.54675234375,21.962414697265626
2022-03-28,52.9256908203125,22.25009560546875
2022-03-29,53.724720703125,22.660441455078125
2022-03-30,53.268494140625,22.3855177734375
2022-03-31,52.44767265625,22.0418052734375
2022-04-01,52.674267578125,22.105325
2022-04-04,53.141167578125,22.525452197265626
2022-04-05,52.3330724609375,22.01646337890625
2022-04-06,51.71361328125,21.527671484375
2022-04-07,51.854119921875,21.540814697265624
2022-04-08,51.666508203125,21.25205
2022-04-11,50.8434541015625,20.788537939453125
2022-04-12,50.743507421875,20.725933984375
2022-04-13,51.4423390625,21.147564257812498
2022-04-14,50.807979296875,20.69417412109375
2022-04-18,50.699591796875,20.665158544921873
2022-04-19,51.712094921875,21.1104732421875
2022-04-20,51.4912275390625,20.852258984375
2022-04-21,50.602470703125,20.420708105468748
2022-04-22,49.2300265625,19.900899560546875
2022-04-25,49.5530283203125,20.15751689453125
2022-04-26,48.08996328125,19.36064736328125
2022-04-27,48.1359408203125,19.357841015625
2022-04-28,49.3100234375,19.950871923828124
2022-04-29,47.5455640625,19.118691455078125
2022-05-02,47.8804701171875,19.4308302734375
2022-05-03,48.0938265625,19.47382763671875
2022-05-04,49.5081423828125,20.095533544921874
2022-05-05,47.6370474609375,19.092420166015625
2022-05-06,47.216080078124996,18.8242232421875
2022-05-09,45.524519921875,18.0160375
2022-05-10,45.5792841796875,18.19338837890625
2022-05-11,44.723419140625,17.614572363281248
2022-05-12,44.7972841796875,17.624987939453124
2022-05-13,46.0256099609375,18.29775
2022-05-16,45.754070703125,18.077324560546874
2022-05-17,46.710241796874996,18.5760052734375
2022-05-18,44.8308857421875,17.69813310546875
2022-05-19,44.6668400390625,17.652175
2022-05-20,44.656395703125,17.599661181640624
2022-05-23,45.420858203125,17.8796677734375
2022-05-24,44.890492578125,17.459897802734375
2022-05-25,45.4425734375,17.723847363281248
2022-05-26,46.4001640625,18.198008105468748
2022-05-27,47.5999599609375,18.803251318359376
2022-05-31,47.247633203125,18.726153955078125
2022-06-01,46.8972875,18.591412939453125
2022-06-02,47.860583203124996,19.091195605468748
2022-06-03,47.08719921875,18.619732226562498
2022-06-06,47.234318359375,18.695123681640624
2022-06-07,47.7140615234375,18.8716072265625
2022-06-08,47.207131640625,18.7337177734375
2022-06-09,46.059651757812496,18.219057226562498
2022-06-10,44.689619921875,17.5770302734375
2022-06-13,42.822145703125,16.7543072265625
2022-06-14,42.6841591796875,16.78394189453125
2022-06-15,43.3460740234375,17.20368310546875
2022-06-16,41.8114259765625,16.50145439453125
2022-06-17,42.0068091796875,16.737441894531248
2022-06-21,42.9952701171875,17.157414697265626
2022-06-22,42.9270158203125,17.13227412109375
2022-06-23,43.415810742187496,17.409895166015623
2022-06-24,44.77016484375,17.991811181640625
2022-06-27,44.645389843749996,17.863052197265624
2022-06-28,43.7298640625,17.331387060546874
2022-06-29,43.6188890625,17.325728955078123
2022-06-30,43.1988650390625,17.09454736328125
2022-07-01,43.6974259765625,17.24816689453125
2022-07-05,43.8928900390625,17.54947236328125
2022-07-06,43.9536783203125,17.61086689453125
2022-07-07,44.71726484375,18.01309189453125
2022-07-08,44.678030078125,18.034729833984375
2022-07-11,44.074280078125,17.627529394531248
2022-07-12,43.6939984375,17.4603322265625
2022-07-13,43.5252359375,17.43374912109375
2022-07-14,43.3244890625,17.439345166015624
2022-07-15,44.1730048828125,17.751250878906248
2022-07-18,43.868313281249996,17.608077197265626
2022-07-19,45.09910078125,18.15538310546875
2022-07-20,45.4896740234375,18.441358105468748
2022-07-21,45.91678671875,18.692396044921875
2022-07-22,45.393307617187496,18.342871044921875
2022-07-25,45.4534849609375,18.26313837890625
2022-07-26,44.8749765625,17.921983984375
2022-07-27,46.067275,18.65025087890625
2022-07-28,46.6414259765625,18.8520142578125
2022-07-29,47.287514843749996,19.205570166015626
2022-08-01,47.189180859375,19.1719197265625
2022-08-02,46.950910742187496,19.14057763671875
2022-08-03,47.7149958984375,19.6356482421875
2022-08-04,47.669431640625,19.71689912109375
2022-08-05,47.6558966796875,19.619202197265626
2022-08-08,47.682207421875,19.598912939453125
2022-08-09,47.37495078125,19.365591015625
2022-08-10,48.47833984375,19.924939697265625
2022-08-11,48.44538515625,19.8088607421875
2022-08-12,49.2974048828125,20.223145166015623
2022-08-15,49.4808298828125,20.348477197265623
2022-08-16,49.574945703124996,20.308952197265626
2022-08-17,49.110543359375,20.054086181640624
2022-08-18,49.236917578125,20.0962767578125
2022-08-19,48.503882421875,19.693090576171873
2022-08-22,47.46414765625,19.191433984375
2022-08-23,47.40804921875,19.191014697265626
2022-08-24,47.6050541015625,19.268871923828126
2022-08-25,48.306082421875,19.5908677734375
2022-08-26,46.688607421875,18.819650439453124
2022-08-29,46.360224023437496,18.62738837890625
2022-08-30,45.8344,18.418866455078124
2022-08-31,45.49498828125,18.315110302734375
2022-09-01,45.50767421875,18.266951318359375
2022-09-02,45.0574716796875,18.027833544921876
2022-09-06,44.84901171875,17.8946107421875
2022-09-07,45.70551015625,18.27744560546875
2022-09-08,46.051381640624996,18.386301318359376
2022-09-09,46.8178791015625,18.774079833984374
2022-09-12,47.31838515625,19.012935742187498
2022-09-13,45.3009841796875,18.032033984374998
2022-09-14,45.4770375,18.165503515624998
2022-09-15,44.99128828125,17.906158544921876
2022-09-16,44.563030078124996,17.74502060546875
2022-09-19,44.8755650390625,17.879280273437498
2022-09-20,44.3422525390625,17.708827197265624
2022-09-21,43.6022365234375,17.391295166015624
2022-09-22,43.105620703125,17.153554833984373
2022-09-23,42.3052791015625,16.845291015624998
2022-09-26,41.869590820312496,16.74452587890625
2022-09-27,41.808007421875,16.785725
2022-09-28,42.709158203125,17.130041455078125
2022-09-29,41.7724966796875,16.64314013671875
2022-09-30,41.212460156249996,16.392211181640626
2022-10-03,42.2562783203125,16.763916015625
2022-10-04,43.6364400390625,17.3234357421875
2022-10-05,43.5218982421875,17.280391455078124
2022-10-06,43.1160650390625,17.163629833984373
2022-10-07,41.882851757812496,16.51122060546875
2022-10-10,41.545268359375,16.34025439453125
2022-10-11,41.2985259765625,16.160595166015625
2022-10-12,41.181131640625,16.14650439453125
2022-10-13,42.1736490234375,16.50618310546875
2022-10-14,41.1454232421875,15.998153955078125
2022-10-17,42.282005078124996,16.547489697265625
2022-10-18,42.795695703125,16.69722060546875
2022-10-19,42.414955859375,16.55479013671875
2022-10-20,42.078329296875,16.4530017578125
2022-10-21,43.032344140625,16.832565576171874
2022-10-24,43.476338476562496,16.976546044921875
2022-10-25,44.2779783203125,17.358636181640623
2022-10-26,44.0008642578125,17.00503486328125
2022-10-27,43.7820408203125,16.72863837890625
2022-10-28,44.795617578125,17.208797802734374
2022-10-31,44.507875,17.03163310546875
2022-11-01,44.3620765625,16.88081689453125
2022-11-02,43.19851015625,16.313439697265625
2022-11-03,42.7742859375,16.031557666015626
2022-11-04,43.2807666015625,16.2366375
2022-11-07,43.6532767578125,16.3750052734375
2022-11-08,43.8741576171875,16.455110302734376
2022-11-09,42.9024076171875,16.04741337890625
2022-11-10,45.3333548828125,17.22693310546875
2022-11-11,45.8109642578125,17.55116162109375
2022-11-14,45.3545759765625,17.354140576171876
2022-11-15,45.8209458984375,17.6055357421875
2022-11-16,45.348605859375,17.3346732421875
2022-11-17,45.153357421875,17.274687939453123
2022-11-18,45.355874218749996,17.276392333984376
2022-11-21,45.1348091796875,17.087990136718748
2022-11-22,45.7466900390625,17.3203357421875
2022-11-23,46.0155923828125,17.492246484375
2022-11-25,46.0217107421875,17.400858544921874
2022-11-28,45.29575078125,17.126725
2022-11-29,45.2508109375,17.024859423828126
2022-11-30,46.63528515625,17.775399999999998
2022-12-01,46.6145716796875,17.797797802734376
2022-12-02,46.57976171875,17.765325
2022-12-05,45.649366796875,17.421907666015624
2022-12-06,44.9761091796875,17.073078955078124
2022-12-07,44.87377265625,16.985752197265626
2022-12-08,45.210444140625,17.1771
2022-12-09,44.863755078125,17.057161181640623
2022-12-12,45.50426015625,17.27279736328125
2022-12-13,45.8296517578125,17.448054833984376
2022-12-14,45.5618724609375,17.314878955078125
2022-12-15,44.4216833984375,16.756321923828125
2022-12-16,43.94955,16.5933857421875
2022-12-19,43.5093650390625,16.346346923828126
2022-12-20,43.5749240234375,16.348021044921875
2022-12-21,44.232360156249996,16.599523681640623
2022-12-22,43.5847125,16.237986181640625
2022-12-23,43.82698515625,16.271683544921874
2022-12-27,43.6214990234375,16.047507226562498
2022-12-28,43.0800466796875,15.830599560546874
2022-12-29,43.88322734375,16.2410392578125
2022-12-30,43.7850326171875,16.2230447265625
2023-01-03,43.5852875,16.0998197265625
2023-01-04,43.9409115234375,16.21107763671875
2023-01-05,43.450333203125,15.973122363281249
2023-01-06,44.4252951171875,16.382399560546876
2023-01-09,44.4455458984375,16.48525810546875
2023-01-10,44.7930390625,16.651076318359376
2023-01-11,45.390994140625,16.94408837890625
2023-01-12,45.6125533203125,17.05170439453125
2023-01-13,45.809216796875,17.1726982421875
2023-01-17,45.740270703125,17.197421044921875
2023-01-18,45.04246328125,16.98336513671875
2023-01-19,44.666781640625,16.8210177734375
2023-01-20,45.523819140625,17.267666015625
2023-01-23,46.1016357421875,17.6148357421875
2023-01-24,46.045469921875,17.5681177734375
2023-01-25,46.0531201171875,17.535708544921874
2023-01-26,46.556267578125,17.8442357421875
2023-01-27,46.7339740234375,18.013650439453123
2023-01-30,46.0973591796875,17.660404833984373
2023-01-31,46.833705078125,17.956052197265624
2023-02-01,47.3780908203125,18.315296484375
2023-02-02,48.107168359375,18.911271484375
2023-02-03,47.59316328125,18.610772802734374
2023-02-06,47.25103828125,18.425547802734375
2023-02-07,47.822094140625,18.776374560546873
2023-02-08,47.2856865234375,18.4613052734375
2023-02-09,46.839697656249996,18.27384912109375
2023-02-10,46.908958203124996,18.163086181640626
2023-02-13,47.4434341796875,18.432274560546876
2023-02-14,47.48646484375,18.53823310546875
2023-02-15,47.7135224609375,18.7094142578125
2023-02-16,47.0795759765625,18.37653662109375
2023-02-17,46.942492382812496,18.2702677734375
2023-02-21,45.941889062499996,17.813064697265624
2023-02-22,45.915070703125,17.835958984375
2023-02-23,46.13816171875,17.965120605468748
2023-02-24,45.6443490234375,17.662157666015624
2023-02-27,45.780453320312496,17.7738197265625
2023-02-28,45.660035742187496,17.756087060546875
2023-03-01,45.4685966796875,17.6381947265625
2023-03-02,45.7840740234375,17.7676197265625
2023-03-03,46.5185916015625,18.117965136718748
2023-03-06,46.45983828125,18.09739736328125
2023-03-07,45.7774615234375,17.872011621093748
2023-03-08,45.833294921875,17.9428
2023-03-09,44.9075673828125,17.57444189453125
2023-03-10,44.136056640625,17.265278955078124
2023-03-13,44.0044400390625,17.3427017578125
2023-03-14,44.732457421875,17.713633105468748
2023-03-15,44.3812267578125,17.722777197265625
2023-03-16,45.1399392578125,18.161784423828124
2023-03-17,44.577279296875,18.02729013671875
2023-03-20,44.976329296875,18.097087060546876
2023-03-21,45.625917578125,18.383171044921873
2023-03-22,44.8144083984375,18.088437939453126
2023-03-23,44.907329296875,18.27047060546875
2023-03-24,45.148263281249996,18.327137939453124
2023-03-27,45.2811826171875,18.2417017578125
2023-03-28,45.21586171875,18.15992412109375
2023-03-29,45.8626423828125,18.48567236328125
2023-03-30,46.0999916015625,18.620878076171874
2023-03-31,46.8146716796875,18.9439607421875
2023-04-03,46.940008203125,18.893647802734375
2023-04-04,46.601369140624996,18.795811621093748
2023-04-05,46.417944140624996,18.595133544921875
2023-04-06,46.5827265625,18.736337939453126
2023-04-10,46.685355078125,18.730758544921873
2023-04-11,46.7360359375,18.649413818359374
2023-04-12,46.51270234375,18.490476757812498
2023-04-13,47.12453828125,18.8577177734375
2023-04-14,47.0007875,18.791378076171874
2023-04-17,47.1918716796875,18.844465576171874
2023-04-18,47.217894921875,18.8377857421875
2023-04-19,47.22426484375,18.8437072265625
2023-04-20,46.9302107421875,18.692317333984374
2023-04-21,46.9727966796875,18.712312939453124
2023-04-24,46.983905859375,18.657660302734374
2023-04-25,46.18074765625,18.2886982421875
2023-04-26,45.9920982421875,18.37424189453125
2023-04-27,46.85051484375,18.82047236328125
2023-04-28,47.2236583984375,18.95119912109375
2023-05-01,47.21024921875,18.92952939453125
2023-05-02,46.613983203125,18.72479013671875
2023-05-03,46.352740039062496,18.63926162109375
2023-05-04,46.0071515625,18.54792060546875
2023-05-05,46.8832359375,18.964885742187498
2023-05-08,46.920332421875,18.99822587890625
2023-05-09,46.7221416015625,18.878302197265626
2023-05-10,46.9321423828125,19.074982666015625
2023-05-11,46.82733515625,19.109190136718748
2023-05-12,46.733160937499996,19.04134736328125
2023-05-15,46.94086171875,19.166075439453124
2023-05-16,46.578620703125,19.131727197265626
2023-05-17,47.1849357421875,19.375883984375
2023-05-18,47.6317916015625,19.667701757812498
2023-05-19,47.523830859374996,19.61974560546875
2023-05-22,47.6071384765625,19.717209423828123
2023-05-23,47.092329296875,19.4683875
2023-05-24,46.7403798828125,19.3504482421875
2023-05-25,47.03480234375,19.682039257812498
2023-05-26,47.6528509765625,20.112320166015625
2023-05-30,47.663578320312496,20.177016015625
2023-05-31,48.361156640625,20.049699560546873
2023-06-01,48.361156640625,20.3065197265625
2023-06-02,49.658769921875,20.5231927734375
2023-06-05,49.5178859375,20.505616015624998
2023-06-06,49.753842578125,20.57845087890625
2023-06-07,49.641430078125,20.31259560546875
2023-06-08,49.9010875,20.5197052734375
2023-06-09,49.9126009765625,20.551666455078124
2023-06-12,50.3703099609375,20.865975878906248
2023-06-13,50.7546390625,21.038646484375
2023-06-14,50.7403583984375,21.1210447265625
2023-06-15,51.3549615234375,21.363371484374998
2023-06-16,51.14436328125,21.218833984375
2023-06-20,50.8910083984375,21.184299560546876
2023-06-21,50.624370117187496,20.928410302734374
2023-06-22,50.7503041015625,21.127446044921875
2023-06-23,50.3306798828125,20.913405273437498
2023-06-26,50.15335078125,20.670459423828124
2023-06-27,50.7661076171875,21.01128837890625
2023-06-28,50.7888875,21.0672125
2023-06-29,51.036254296875,21.06656162109375
2023-06-30,51.61615078125,21.37127587890625
2023-07-03,51.699215820312496,21.415992773437498
2023-07-05,51.550394140625,21.37705810546875
2023-07-06,51.0877482421875,21.202512060546873
2023-07-07,51.030917578125,21.174115576171875
2023-07-10,51.2383173828125,21.2124947265625
2023-07-11,51.637057421875,21.329085302734374
2023-07-12,52.018641796875,21.574387939453125
2023-07-13,52.4793740234375,21.914783984375
2023-07-14,52.359868359375,21.876235302734376
2023-07-17,52.6044275390625,22.079672802734375
2023-07-18,53.001325781249996,22.248141455078123
2023-07-19,53.1472365234375,22.2549302734375
2023-07-20,52.75698671875,21.798129833984373
2023-07-21,52.7544576171875,21.750854833984373
2023-07-24,52.937065039062496,21.791248681640624
2023-07-25,53.0745798828125,21.924067333984375
2023-07-26,53.10540078125,21.897284423828125
2023-07-27,52.7108384765625,21.777671044921874
2023-07-28,53.2722541015625,22.1908232421875
2023-07-31,53.4177515625,22.2363302734375
2023-08-01,53.2605115234375,22.1400607421875
2023-08-02,52.502917578125,21.658847802734375
2023-08-03,52.36911328125,21.637565576171873
2023-08-04,52.101154296875,21.55932236328125
2023-08-07,52.52867578125,21.69132060546875
2023-08-08,52.2816099609375,21.520696484374998
2023-08-09,51.9055375,21.2691302734375
2023-08-10,51.9014765625,21.29388486328125
2023-08-11,51.8532349609375,21.14951689453125
2023-08-14,52.1110640625,21.371911621093748
2023-08-15,51.4975884765625,21.128127197265623
2023-08-16,51.0878515625,20.885676318359373
2023-08-17,50.658605078125,20.641241015625
2023-08-18,50.68608828125,20.600709423828125
2023-08-21,50.9897466796875,20.9212642578125
2023-08-22,50.8497701171875,20.934098681640624
2023-08-23,51.4156958984375,21.267596923828123
2023-08-24,50.7207140625,20.869153076171873
2023-08-25,51.049245703125,21.065508105468748
2023-08-28,51.37978984375,21.242951318359374
2023-08-29,52.1363326171875,21.612827636718748
2023-08-30,52.3494599609375,21.729929833984375
2023-08-31,52.288694140625,21.754203076171873
2023-09-01,52.44702578125,21.749304833984375
2023-09-05,52.148519921875,21.732472802734375
2023-09-06,51.8154107421875,21.502328076171874
2023-09-07,51.62190078125,21.310686621093748
2023-09-08,51.6826666015625,21.330371923828125
2023-09-11,52.0136958984375,21.572728955078123
2023-09-12,51.7456291015625,21.349096044921875
2023-09-13,51.7448833984375,21.411064257812498
2023-09-14,52.1901265625,21.585377197265625
2023-09-15,51.577041796875,21.24791162109375
2023-09-18,51.57449921875,21.25087236328125
2023-09-19,51.453416796875,21.201195166015623
2023-09-20,50.985869921875,20.877151318359374
2023-09-21,50.125094921875,20.4971697265625
2023-09-22,50.01366171875,20.478304833984375
2023-09-25,50.2117716796875,20.570546484375
2023-09-26,49.480232421875,20.248596044921875
2023-09-27,49.5493357421875,20.29391689453125
2023-09-28,49.8612283203125,20.461984423828124
2023-09-29,49.736695898437496,20.489946484375
2023-10-02,49.6501134765625,20.6270427734375
2023-10-03,48.931844140624996,20.242178076171875
2023-10-04,49.307642578125,20.51581513671875
2023-10-05,49.2466701171875,20.49073662109375
2023-10-06,49.8319392578125,20.8185767578125
2023-10-09,50.1509384765625,20.90057236328125
2023-10-10,50.4519509765625,21.0224017578125
2023-10-11,50.6462650390625,21.172503515625
2023-10-12,50.2383025390625,21.040040576171876
2023-10-13,49.9600025390625,20.7812072265625
2023-10-16,50.528942578125,21.030369726562498
2023-10-17,50.5854048828125,20.9773125
2023-10-18,49.850370703125,20.637164697265625
2023-10-19,49.3930974609375,20.438578515625
2023-10-20,48.767591796874996,20.124904833984374
2023-10-23,48.6421115234375,20.178411621093748
2023-10-24,49.0039482421875,20.366798681640624
2023-10-25,48.2569109375,19.872890576171873
2023-10-26,47.7629859375,19.523196044921875
2023-10-27,47.495907421874996,19.596665136718748
2023-10-30,48.0395384765625,19.8236947265625
2023-10-31,48.3689416015625,19.91942236328125
2023-11-01,48.8333125,20.245278076171875
2023-11-02,49.796931640625,20.605995166015624
2023-11-03,50.360925781249996,20.891334423828123
2023-11-06,50.3616490234375,20.954109423828125
2023-11-07,50.5146484375,21.141783544921875
2023-11-08,50.5169484375,21.1581357421875
2023-11-09,50.0689201171875,20.958247802734373
2023-11-10,50.8173365234375,21.387071044921875
2023-11-13,50.78240078125,21.33999736328125
2023-11-14,51.9139783203125,21.846288818359373
2023-11-15,52.0086466796875,21.8609517578125
2023-11-16,51.9800673828125,21.87618837890625
2023-11-17,52.109905078124996,21.8944947265625
2023-11-20,52.489414062499996,22.141021923828124
2023-11-21,52.336706640624996,22.0099697265625
2023-11-22,52.5661091796875,22.112083544921873
2023-11-24,52.6319107421875,22.08881689453125
2023-11-27,52.5282984375,22.0735802734375
2023-11-28,52.5647076171875,22.13672763671875
2023-11-29,52.584392382812496,22.100659863281248
2023-11-30,52.786033203125,22.050640576171872
2023-12-01,53.23973515625,22.172796923828123
2023-12-04,53.03647265625,21.98750986328125
2023-12-05,52.9261041015625,22.0563607421875
2023-12-06,52.7331017578125,21.927400439453123
2023-12-07,53.145983203125,22.22698486328125
2023-12-08,53.3849541015625,22.326153076171874
2023-12-11,53.5919541015625,22.370359863281248
2023-12-12,53.80693671875,22.526770605468748
2023-12-13,54.6506908203125,22.837637939453124
2023-12-14,54.95920078125,22.880417333984376
2023-12-15,54.90486328125,22.96157587890625
2023-12-18,55.12228515625,23.102454833984375
2023-12-19,55.5176875,23.254990576171874
2023-12-20,54.671458203125,22.905807666015622
2023-12-21,55.273357421875,23.193998681640625
2023-12-22,55.3975259765625,23.239103076171872
2023-12-26,55.67047578125,23.365583984375
2023-12-27,55.76366171875,23.403728515624998
2023-12-28,55.772286718749996,23.397466455078124
2023-12-29,55.5396857421875,23.26759189453125
2024-01-02,55.1839583984375,22.887207666015623
2024-01-03,54.6225158203125,22.617925439453124
2024-01-04,54.461780859375,22.490964697265625
2024-01-05,54.5555732421875,22.512308984375
2024-01-08,55.3597826171875,23.0078427734375
2024-01-09,55.24188515625,23.029450439453125
2024-01-10,55.5240708984375,23.20295810546875
2024-01-11,55.45578515625,23.203795166015624
2024-01-12,55.476170703125,23.20777763671875
2024-01-16,55.2222767578125,23.16374189453125
2024-01-17,54.8976533203125,23.026211181640623
2024-01-18,55.3635515625,23.336258105468747
2024-01-19,56.0344642578125,23.732003076171875
2024-01-22,56.2565849609375,23.808449560546872
2024-01-23,56.3778650390625,23.910207666015623
2024-01-24,56.3581173828125,23.996975878906248
2024-01-25,56.650518359375,24.041275
2024-01-26,56.63654765625,23.955808544921876
2024-01-29,57.120877343749996,24.223462060546876
2024-01-30,57.044141796874996,24.040345605468747
2024-01-31,56.0853517578125,23.50421513671875
2024-02-01,56.7866900390625,23.810541455078123
2024-02-02,57.312630859375,24.224872802734374
2024-02-05,57.056755859375,24.176403515624997
2024-02-06,57.237180078125,24.193949999999997
2024-02-07,57.6715341796875,24.422791455078123
2024-02-08,57.7956083984375,24.480250439453123
2024-02-09,58.16461015625,24.785523242187498
2024-02-12,58.1900673828125,24.710952197265623
2024-02-13,57.2764642578125,24.26617939453125
2024-02-14,57.911744921875,24.58168310546875
2024-02-15,58.329805859375,24.65456337890625
2024-02-16,58.273419921874996,24.45225810546875
2024-02-20,57.6291458984375,24.227709423828124
2024-02-21,57.6494326171875,24.150348681640626
2024-02-22,58.7917015625,24.864511181640623
2024-02-23,58.8275357421875,24.795071484375
2024-02-26,58.66187734375,24.7631875
2024-02-27,58.8237173828125,24.854714697265624
2024-02-28,58.710779296874996,24.71899736328125
2024-02-29,59.0194150390625,24.94247587890625
2024-03-01,59.4846708984375,25.226157666015624
2024-03-04,59.4194982421875,25.12164013671875
2024-03-05,58.8023884765625,24.7063642578125
2024-03-06,59.12511171875,24.848887060546875
2024-03-07,59.7153716796875,25.223738818359376
2024-03-08,59.357708203125,24.931921044921875
2024-03-11,59.252644921874996,24.8298677734375
2024-03-12,59.8400208984375,25.211741455078123
2024-03-13,59.7595208984375,25.075542773437498
2024-03-14,59.4956048828125,24.999221923828124
2024-03-15,59.1623609375,24.758413378906248
2024-03-18,59.4772048828125,24.960347802734375
2024-03-19,59.81593828125,25.058524560546875
2024-03-20,60.420092578125,25.3725857421875
2024-03-21,60.657392382812496,25.4228517578125
2024-03-22,60.5104349609375,25.464671484375
2024-03-25,60.355530859375,25.39592958984375
2024-03-26,60.2093326171875,25.289335302734376
2024-03-27,60.7720015625,25.4192552734375
2024-03-28,60.853193359375,25.388162939453125
2024-04-01,60.67897734375,25.41508662109375
2024-04-02,60.171944140625,25.172697802734373
2024-04-03,60.27565078125,25.230062939453124
2024-04-04,59.5484509765625,24.876074121093747
2024-04-05,60.188870703125,25.1852052734375
2024-04-08,60.2069966796875,25.193637939453126
2024-04-09,60.298192578125,25.275291455078126
2024-04-10,59.65030234375,25.064058544921874
2024-04-11,60.08022265625,25.4854087890625
2024-04-12,59.17862265625,25.0713892578125
2024-04-15,58.4317875,24.621780273437498
2024-04-16,58.2887158203125,24.5911375
2024-04-17,57.934322656249996,24.309223681640624
2024-04-18,57.807508203124996,24.182325
2024-04-19,58.019004882812496,23.68711513671875
2024-04-22,57.8812609375,23.949529833984375
2024-04-23,58.6188826171875,24.329791455078123
2024-04-24,58.6199158203125,24.3547625
2024-04-25,58.345708203125,24.198227636718748
2024-04-26,58.9238033203125,24.688245605468747
2024-04-29,59.124271679687496,24.773774121093748
2024-04-30,58.1582357421875,24.269621484374998
2024-05-01,58.0045759765625,24.1884947265625
2024-05-02,58.5827474609375,24.553487939453124
2024-05-03,59.28866328125,25.04231162109375
2024-05-06,59.9282474609375,25.341337499999998
2024-05-07,59.9843099609375,25.315467333984373
2024-05-08,59.9448640625,25.269277636718748
2024-05-09,60.27856171875,25.336702636718748
2024-05-10,60.338532421875,25.328348681640623
2024-05-13,60.32682578125,25.40177236328125
2024-05-14,60.6633625,25.592328515625
2024-05-15,61.3700958984375,25.950705468749998
2024-05-16,61.1989974609375,25.882396484375
2024-05-17,61.264192578125,25.86325458984375
2024-05-20,61.3416109375,26.03204716796875
2024-05-21,61.449845703125,26.090559667968748
2024-05-22,61.247194140625,26.042385546875
2024-05-23,60.7272548828125,25.94084541015625
2024-05-24,61.16632578125,26.227223046875
2024-05-28,61.1258107421875,26.38081533203125
2024-05-29,60.643664257812496,26.226899121093748
2024-05-30,60.3661009765625,25.94247412109375
2024-05-31,60.8068474609375,25.9392802734375
2024-06-03,60.8251666015625,26.08443837890625
2024-06-04,60.8183923828125,26.1284287109375
2024-06-05,61.556625,26.64124560546875
2024-06-06,61.5144208984375,26.61833466796875
2024-06-07,61.3827458984375,26.556352832031248
2024-06-10,61.5570607421875,26.64842041015625
2024-06-11,61.700455859375,26.8825037109375
2024-06-12,62.2734658203125,27.29308115234375
2024-06-13,62.3280099609375,27.38471884765625
2024-06-14,62.2161724609375,27.417765332031248
2024-06-17,62.69320234375,27.678380273437497
2024-06-18,62.8337,27.6864572265625
2024-06-20,62.667960742187496,27.4684642578125
2024-06-21,62.5973390625,27.418507031249998
2024-06-24,62.46848515625,27.120071484375
2024-06-25,62.648720703125,27.46235810546875
2024-06-26,62.7316734375,27.5979982421875
2024-06-27,62.8378283203125,27.680953515625
2024-06-28,62.6412591796875,27.485529394531248
2024-07-01,62.751254882812496,27.7129162109375
2024-07-02,63.1111509765625,27.944577636718748
2024-07-03,63.414310742187496,28.191866210937498
2024-07-05,63.700269921875,28.44677763671875
2024-07-08,63.7809990234375,28.52579736328125
2024-07-09,63.784956640625,28.565398046875
2024-07-10,64.422020703125,28.9035462890625
2024-07-11,64.1056673828125,28.3392857421875
2024-07-12,64.4960474609375,28.5175962890625
2024-07-15,64.7498740234375,28.632483984375
2024-07-16,65.3209298828125,28.6894767578125
2024-07-17,64.391833203125,27.89522587890625
2024-07-18,63.818558203125,27.70039208984375
2024-07-19,63.4062517578125,27.47675615234375
2024-07-22,64.10141328125,27.911733984374997
2024-07-23,64.0627625,27.89589189453125
2024-07-24,62.563140039062496,26.8807357421875
2024-07-25,62.362442578125,26.63166708984375
2024-07-26,63.0813767578125,26.904715332031248
2024-07-29,63.086583203125,26.923808789062498
2024-07-30,62.824580859375,26.578500878906247
2024-07-31,63.7443158203125,27.27907060546875
2024-08-01,62.777107421875,26.65093310546875
2024-08-02,61.5103509765625,26.0030482421875
2024-08-05,59.665908203125,25.110124121093747
2024-08-06,60.28801328125,25.36861689453125
2024-08-07,59.8054984375,25.103504833984374
2024-08-08,61.2110724609375,25.8230302734375
2024-08-09,61.4807115234375,25.9552162109375
2024-08-12,61.4222951171875,26.00994453125
2024-08-13,62.4590650390625,26.64079453125
2024-08-14,62.6633966796875,26.64852939453125
2024-08-15,63.716280078124996,27.271475
2024-08-16,63.847793359375,27.32916708984375
2024-08-19,64.472494921875,27.708992773437497
2024-08-20,64.2865767578125,27.616256152343748
2024-08-21,64.62649160156249,27.77443486328125
2024-08-22,64.05106484375,27.309991894531247
2024-08-23,64.8948458984375,27.710573046875
2024-08-26,64.70027578125,27.474942773437498
2024-08-27,64.7569716796875,27.519971484375
2024-08-28,64.3581642578125,27.21184541015625
2024-08-29,64.4102107421875,27.150466015625
2024-08-30,65.0376076171875,27.45610966796875
2024-09-03,63.6066482421875,26.5612662109375
2024-09-04,63.4849099609375,26.4806662109375
2024-09-05,63.2764724609375,26.5478732421875
2024-09-06,62.181614062499996,25.87078662109375
2024-09-09,62.8545392578125,26.17112939453125
2024-09-10,63.098923242187496,26.39011533203125
2024-09-11,63.7443966796875,26.96307041015625
2024-09-12,64.24060820312499,27.233003515625
2024-09-13,64.68913515625,27.4101697265625
2024-09-16,64.7958740234375,27.26780283203125
2024-09-17,64.8530416015625,27.32349384765625
2024-09-18,64.7032765625,27.2386162109375
2024-09-19,65.8294365234375,27.9216697265625
2024-09-20,65.6657591796875,27.819896484375
2024-09-23,65.8302765625,27.860117773437498
2024-09-24,65.9840666015625,28.015505273437498
2024-09-25,65.7923490234375,28.027426953124998
2024-09-26,66.0760890625,28.194948046875
2024-09-27,66.0315041015625,28.0853642578125
2024-09-30,66.2824826171875,28.19321337890625
2024-10-01,65.6544208984375,27.761057031249997
2024-10-02,65.6655884765625,27.783934667968747
2024-10-03,65.530656640625,27.773644726562498
2024-10-04,66.1690234375,28.11366689453125
2024-10-07,65.547780859375,27.78204560546875
2024-10-08,66.11337421875,28.18352587890625
2024-10-09,66.57358984375,28.352009667968748
2024-10-10,66.43530234375,28.3371787109375
2024-10-11,66.9450173828125,28.43155615234375
2024-10-14,67.44216328125,28.679168652343748
2024-10-15,66.9904109375,28.3891642578125
2024-10-16,67.3524048828125,28.468974121093748
2024-10-17,67.3299484375,28.47909453125
2024-10-18,67.5778857421875,28.658803710937498
2024-10-21,67.365355859375,28.73701513671875
2024-10-22,67.2959515625,28.7986427734375
2024-10-23,66.69414667968749,28.32880810546875
2024-10-24,66.84728984375,28.54400986328125
2024-10-25,66.7924716796875,28.70384453125
2024-10-28,67.05468515625,28.77914365234375
2024-10-29,67.1566173828125,29.0047625
2024-10-30,66.955955859375,28.842291015624998
2024-10-31,65.75548164062499,28.04748310546875
2024-11-01,66.022030078125,28.27187587890625
2024-11-04,65.8696775390625,28.1789697265625
2024-11-05,66.728004296875,28.58071337890625
2024-11-06,68.60028515625,29.42437958984375
2024-11-07,69.066205859375,29.867664453125
2024-11-08,69.355556640625,29.89450791015625
2024-11-11,69.5684458984375,29.91307763671875
2024-11-12,69.2920640625,29.88617060546875
2024-11-13,69.241958203125,29.80761708984375
2024-11-14,68.760225,29.616858105468747
2024-11-15,67.850979296875,28.95418466796875
2024-11-18,68.122145703125,29.127306347656248
2024-11-19,68.4383642578125,29.43057958984375
2024-11-20,68.47691171875,29.397517968749998
2024-11-21,68.9432142578125,29.40725087890625
2024-11-22,69.310383203125,29.45565810546875
2024-11-25,69.6142841796875,29.5350017578125
2024-11-26,69.904717578125,29.7201662109375
2024-11-27,69.659444140625,29.543744726562498
2024-11-29,70.0128490234375,29.788163378906248
2024-12-02,70.1515048828125,30.0761212890625
2024-12-03,70.161041796875,30.195410742187498
2024-12-04,70.6351517578125,30.58943466796875
2024-12-05,70.4213865234375,30.53540263671875
2024-12-06,70.63682734375,30.782642773437498
2024-12-09,70.151769921875,30.59186865234375
2024-12-10,69.8902841796875,30.51522236328125
2024-12-11,70.4659041015625,31.054080468749998
2024-12-12,70.053157421875,30.849401757812497
2024-12-13,70.0091115234375,30.88641708984375
2024-12-16,70.291279296875,31.26953046875
2024-12-17,69.948579296875,31.169043847656248
2024-12-18,67.7466033203125,30.058668652343748
2024-12-19,67.667725,30.0277927734375
2024-12-20,68.4182482421875,30.33752939453125
2024-12-23,68.833456640625,30.63556533203125
2024-12-24,69.5823267578125,31.04825283203125
2024-12-26,69.5951609375,31.03155703125
2024-12-27,68.808525,30.56914541015625
2024-12-30,68.0852783203125,30.204523046875
2024-12-31,67.8155224609375,29.931723046875
2025-01-02,67.7110701171875,29.885223046874998
2025-01-03,68.60862265625,30.413603515625
2025-01-06,68.9735634765625,30.7907197265625
2025-01-07,68.214756640625,30.209003515625
2025-01-08,68.295705859375,30.192265332031248
2025-01-10,67.24145234375,29.70052783203125
2025-01-13,67.360917578125,29.586554394531248
2025-01-14,67.5156240234375,29.51880546875
2025-01-15,68.7518875,30.2424072265625
2025-01-16,68.68046171875,29.974348046874997
2025-01-17,69.33283515625,30.4268087890625
2025-01-21,70.0178982421875,30.62300791015625
2025-01-22,70.358194921875,31.0144767578125
2025-01-23,70.7170892578125,31.083203515624998
2025-01-24,70.533929296875,30.9291662109375
2025-01-27,69.5166015625,29.97983662109375
2025-01-28,70.1282892578125,30.5870642578125
2025-01-29,69.82370097656249,30.430096484375
2025-01-30,70.2572958984375,30.5067125
2025-01-31,69.8914791015625,30.422531152343748
2025-02-03,69.3394701171875,30.057539453125
2025-02-04,69.8529990234375,30.4637302734375
2025-02-05,70.162245703125,30.523111621093747
2025-02-06,70.3680283203125,30.67758486328125
2025-02-07,69.702694921875,30.26127060546875
2025-02-10,70.1387201171875,30.5571177734375
2025-02-11,70.093030078125,30.44798203125
2025-02-12,69.870055859375,30.4574212890625
2025-02-13,70.6005484375,30.91574296875
2025-02-14,70.59456484374999,31.0414927734375
2025-02-18,70.7843732421875,31.06395263671875
2025-02-19,70.8590783203125,31.0871875
2025-02-20,70.4817390625,30.94165703125
2025-02-21,69.1583451171875,30.262215136718748
2025-02-24,68.7947474609375,29.894741015624998
2025-02-25,68.44797753906249,29.49090546875
2025-02-26,68.479705859375,29.56665263671875
2025-02-27,67.4093298828125,28.743850878906247
2025-02-28,68.4531390625,29.21328291015625
2025-03-03,67.17988242187499,28.44279365234375
2025-03-04,66.3561634765625,28.3419982421875
2025-03-05,67.12163671875,28.756732226562498
2025-03-06,65.8613041015625,28.00735263671875
2025-03-07,66.1995208984375,28.20414208984375
2025-03-10,64.3500423828125,27.075896484375
2025-03-11,63.933791796875,27.02595439453125
2025-03-12,64.244992578125,27.355096289062498
2025-03-13,63.2979990234375,26.81966513671875
2025-03-14,64.6898673828125,27.5188392578125
2025-03-17,65.1737658203125,27.6034232421875
2025-03-18,64.4729216796875,27.13138466796875
2025-03-19,65.2232607421875,27.513723046875
2025-03-20,65.054844140625,27.422027832031247
2025-03-21,65.08495078125,27.5652787109375
2025-03-24,66.3320359375,28.192314257812498
2025-03-25,66.3938349609375,28.32138203125
2025-03-26,65.626591796875,27.7434802734375
2025-03-27,65.3547875,27.59624541015625
2025-03-28,64.0433517578125,26.85063486328125
2025-03-31,64.32339921875,26.813898046875
2025-04-01,64.57632734375,27.047330468749998
2025-04-02,65.0942451171875,27.2816287109375
2025-04-03,61.7712033203125,25.65344453125
2025-04-04,58.1427916015625,24.161074560546876
2025-04-07,57.9696716796875,24.185052636718748
2025-04-08,56.9957609375,23.6652607421875
2025-04-09,62.44918671875,26.54370458984375
2025-04-10,60.20891484375,25.40033134765625
2025-04-11,61.2754724609375,25.922914453125
2025-04-14,61.7806099609375,26.088794726562497
2025-04-15,61.7003974609375,26.07591337890625
2025-04-16,60.4018408203125,25.276098242187498
2025-04-17,60.5414490234375,25.243997802734373
2025-04-21,59.111194921875,24.59989560546875
2025-04-22,60.615017578125,25.26565087890625
2025-04-23,61.6440115234375,25.8974787109375
2025-04-24,62.93100078125,26.607360546875
2025-04-25,63.356779296875,26.94355615234375
2025-04-28,63.4244765625,26.91750283203125
2025-04-29,63.79950234375,27.065046484375
2025-04-30,63.85010234375,27.041826757812498
2025-05-01,64.2377107421875,27.45164736328125
2025-05-02,65.2369484375,27.8654822265625
2025-05-05,64.85195,27.658572363281248
2025-05-06,64.3358291015625,27.418973242187498
2025-05-07,64.5992734375,27.4941482421875
2025-05-08,65.075795703125,27.78861796875
2025-05-09,65.0277158203125,27.78982587890625
2025-05-12,67.183655859375,28.9979267578125
2025-05-13,67.6847908203125,29.465639257812498
2025-05-14,67.7221298828125,29.67755634765625
2025-05-15,67.9638859375,29.624096484375
2025-05-16,68.4658923828125,29.77720439453125
2025-05-19,68.4955857421875,29.783964453124998
2025-05-20,68.2480841796875,29.671201953125
2025-05-21,67.0540517578125,29.252592968749997
2025-05-22,67.050920703125,29.33489736328125
2025-05-23,66.6235025390625,29.042676953125
2025-05-27,68.012356640625,29.7586982421875
2025-05-28,67.608293359375,29.60645615234375
2025-05-29,67.8600400390625,29.72259716796875
2025-05-30,67.846307421875,29.6263427734375
2025-06-02,68.10075839843749,29.826044531249998
2025-06-03,68.562829296875,30.068389453125
2025-06-04,68.576593359375,30.16375986328125
2025-06-05,68.2569158203125,29.9125962890625
2025-06-06,68.9824984375,30.2714212890625
2025-06-09,69.0517365234375,30.36642236328125
2025-06-10,69.408420703125,30.55823486328125
2025-06-11,69.218167578125,30.40461533203125
2025-06-12,69.4220365234375,30.47685986328125
2025-06-13,68.5920150390625,30.080586621093747
2025-06-16,69.2606591796875,30.536876953125
2025-06-17,68.682105859375,30.257689257812498
2025-06-18,68.7061615234375,30.2967177734375
2025-06-20,68.556306640625,30.143485742187497
2025-06-23,69.200594140625,30.42800458984375
2025-06-24,70.001155859375,30.86442041015625
2025-06-25,69.9218283203125,30.9590037109375
2025-06-26,70.5341134765625,31.260260742187498
2025-06-27,70.8736240234375,31.423864453125
2025-06-30,71.2316783203125,31.573082226562498
2025-07-01,71.1990740234375,31.31448046875
2025-07-02,71.593995703125,31.60935283203125
2025-07-03,72.19582753906249,31.93170439453125
2025-07-07,71.604291796875,31.6394052734375
2025-07-08,71.57476015625,31.648614453125
2025-07-09,72.02811171875,31.9475767578125
2025-07-10,72.221841796875,31.977523242187498
2025-07-11,71.9212650390625,31.90757041015625
2025-07-14,72.08134414062499,31.992511621093747
2025-07-15,71.6900791015625,32.0505912109375
2025-07-16,71.9638240234375,32.13225986328125
2025-07-17,72.39953925781249,32.37275810546875
2025-07-18,72.389669921875,32.38825810546875
2025-07-21,72.428518359375,32.509978515625
2025-07-22,72.53805585937499,32.38366865234375
2025-07-23,73.1250140625,32.5810302734375
2025-07-24,73.094458203125,32.639839453125
2025-07-25,73.4093875,32.717896484375
2025-07-28,73.40408671875,32.82679912109375
2025-07-29,73.1653134765625,32.702348046875
2025-07-30,73.0663326171875,32.75098837890625
2025-07-31,72.784533203125,32.7397962890625
2025-08-01,71.57953984375,32.00770283203125
2025-08-04,72.666244921875,32.63304912109375
2025-08-05,72.3475916015625,32.4206537109375
2025-08-06,72.813031640625,32.812600878906245
2025-08-07,72.753231640625,32.9261837890625
2025-08-08,73.2375658203125,33.2475302734375
2025-08-11,73.04981484375,33.14737060546875
2025-08-12,73.97338164062499,33.60694560546875
2025-08-13,74.3087908203125,33.65536796875
2025-08-14,74.2300517578125,33.651538378906245
2025-08-15,74.0214390625,33.5156197265625
2025-08-18,74.0433384765625,33.5261427734375
2025-08-19,73.595930078125,33.0381712890625
2025-08-20,73.4117009765625,32.817932031249995
2025-08-21,73.15766328125,32.705481347656246
2025-08-22,74.4040791015625,33.319635546875
2025-08-25,74.058355859375,33.246398046875
2025-08-26,74.388819140625,33.3936177734375
2025-08-27,74.59416152343749,33.46471796875
2025-08-28,74.8578259765625,33.642998242187495
2025-08-29,74.38589921875,33.2561037109375
2025-09-02,73.899619921875,32.983427832031246
2025-09-03,74.21985,33.3214822265625
2025-09-04,74.8673359375,33.64691865234375
2025-09-05,74.7054509765625,33.63560546875
2025-09-08,74.891369140625,33.7879837890625
2025-09-09,75.0357076171875,33.913209863281246
2025-09-10,75.2134365234375,33.92339384765625
2025-09-11,75.91241640625,34.166758984375
2025-09-12,75.79614062499999,34.318704394531245
2025-09-15,76.13828359375,34.6405625
2025-09-16,76.048898046875,34.617639453125
2025-09-17,75.99455156249999,34.50506162109375
2025-09-18,76.465108203125,34.82961708984375
2025-09-19,76.75633671874999,35.0787947265625
2025-09-22,77.0658484375,35.322919726562496
2025-09-23,76.64888359375,34.98887958984375
2025-09-24,76.36648671875,34.871682031249996
2025-09-25,75.948883984375,34.6962837890625
2025-09-26,76.423330859375,34.850308984375
2025-09-29,76.624958203125,35.01628310546875
2025-09-30,76.8750203125,35.12301513671875
2025-10-01,77.12397734375,35.2704982421875
2025-10-02,77.22887890625,35.4082787109375
2025-10-03,77.26025234375,35.309790136718746
2025-10-06,77.544868359375,35.55958837890625
2025-10-07,77.179330078125,35.32195703125
2025-10-08,77.67428828125,35.717240332031245
2025-10-09,77.426184765625,35.68817783203125
2025-10-10,75.3195509765625,34.416866015625
2025-10-13,76.541744921875,35.17664453125
2025-10-14,76.52234765625,34.9086337890625
2025-10-15,76.840852734375,35.13862412109375
2025-10-16,76.259491796875,34.971935546874995
2025-10-17,76.601365234375,35.15395458984375
2025-10-20,77.46072968749999,35.635335546875
2025-10-21,77.464548046875,35.57818837890625
2025-10-22,76.962932421875,35.24762060546875
2025-10-23,77.4885453125,35.5597912109375
2025-10-24,78.10295078125,35.967547167968746
2025-10-27,78.985189453125,36.638064453125
2025-10-28,79.061664453125,36.93260986328125
2025-10-29,78.988064453125,37.135629589843745
2025-10-30,78.20008085937499,36.55076796875
2025-10-31,78.47267578125,36.773689453125
2025-11-03,78.55072304687499,36.94381708984375
2025-11-04,77.58893671875,36.19039296875
2025-11-05,77.926380859375,36.424691210937496
2025-11-06,77.027215625,35.73368486328125
2025-11-07,77.200389453125,35.657035546875
2025-11-10,78.338080859375,36.46711337890625
2025-11-11,78.495001953125,36.375866210937495
2025-11-12,78.529232421875,36.280014453125
2025-11-13,77.150831640625,35.44905703125
2025-11-14,77.093583203125,35.4959142578125
2025-11-17,76.31153828125,35.197508984375
2025-11-18,75.775970703125,34.77091689453125
2025-11-19,76.027569140625,34.974557226562496
2025-11-20,74.8126974609375,34.2209787109375
2025-11-21,75.639641796875,34.52327412109375
2025-11-24,76.816792578125,35.45161513671875
2025-11-25,77.621990234375,35.689664257812495
2025-11-26,78.15141249999999,35.98276865234375
2025-11-28,78.58677734375,36.21681865234375
2025-12-01,78.136255859375,36.07767587890625
2025-12-02,78.293644140625,36.29118837890625
2025-12-03,78.6179171875,36.353839257812496
2025-12-04,78.731219140625,36.43296796875
2025-12-05,78.84397304687499,36.54610283203125
2025-12-08,78.569221875,36.49614560546875
2025-12-09,78.500069140625,36.543559863281246
2025-12-10,79.09205859375,36.66393310546875
2025-12-11,79.322714453125,36.57048203125
2025-12-12,78.4394875,35.95251337890625
2025-12-15,78.2448140625,35.7389857421875
2025-12-16,78.0424859375,35.822764453125
2025-12-17,77.1668328125,35.174646484374996
2025-12-18,77.760780859375,35.65985703125
2025-12-19,78.456333203125,36.12680966796875
2025-12-22,78.999690234375,36.31468662109375
2025-12-23,79.2598328125,36.5208517578125
2025-12-24,79.5065796875,36.60063134765625
2025-12-26,79.464703515625,36.56930439453125
2025-12-29,79.175532421875,36.38524189453125
2025-12-30,79.04052421875,36.29957412109375
2025-12-31,78.43998164062499,36.02508486328125
2026-01-02,78.698120703125,36.01522783203125
2026-01-05,79.27875390625,36.263521484375
2026-01-06,79.836458984375,36.49811337890625
2026-01-07,79.54670390625,36.55563291015625
2026-01-08,79.595066796875,36.3940302734375
2026-01-09,80.09859609375,36.69059189453125
2026-01-12,80.225356640625,36.78754560546875
2026-01-13,80.082702734375,36.750297167968746
2026-01-14,79.73968828125,36.3812125
2026-01-15,79.98105351562499,36.4715302734375
2026-01-16,79.937389453125,36.44885546875
2026-01-20,78.3541,35.579196484375
2026-01-21,79.294305859375,35.998471484374996
2026-01-22,79.728610546875,36.3258302734375
2026-01-23,79.627446484375,36.42692236328125
2026-01-26,79.97367734375,36.58210703125
2026-01-27,80.27679218749999,36.91650439453125
2026-01-28,80.225464453125,36.9790462890625
2026-01-29,80.10592734375,36.71193466796875
2026-01-30,79.652441015625,36.365821484375
2026-02-02,80.10596328125,36.56776953125
2026-02-03,79.5001109375,36.045543652343746
2026-02-04,79.13399765625,35.50209912109375
2026-02-05,78.12311171875,34.9379142578125
2026-02-06,79.78076484374999,35.698376953125
2026-02-09,80.156230859375,36.01993837890625
2026-02-10,79.918171875,35.80882958984375
2026-02-11,79.850690234375,35.75302958984375
2026-02-12,78.585007421875,35.02558310546875
2026-02-13,78.719665234375,34.947338378906245
2026-02-17,78.792097265625,34.99649033203125
2026-02-18,79.243553125,35.26812783203125
2026-02-19,79.062742578125,35.1582322265625
2026-02-20,79.54711718749999,35.473408984375
2026-02-23,78.63130390625,35.072267773437495
2026-02-24,79.272527734375,35.438703515625
2026-02-25,79.88496562499999,35.88572412109375
2026-02-26,79.586828125,35.46149033203125
2026-02-27,79.177526953125,35.135726953125
2026-03-02,79.267568359375,35.26073203125
2026-03-03,78.449792578125,34.900868652343746
2026-03-04,78.449792578125,35.351594726562496
2026-03-05,78.449792578125,35.26093486328125
2026-03-06,78.449792578125,34.700903515625
2026-03-09,78.449792578125,35.1787212890625
2026-03-10,78.449792578125,35.18050439453125
2026-03-11,77.8031421875,35.21000283203125
2026-03-12,76.56216640625,34.5835697265625
2026-03-13,76.13278515625,34.26330703125
2026-03-16,76.90371640625,34.679978515624995
2026-03-17,77.14697734375,34.84327041015625
2026-03-18,76.1053828125,34.33625087890625
2026-03-19,75.95210937499999,34.24056865234375
2026-03-20,74.75070078125,33.55379453125
2026-03-23,75.68126640625,34.01747763671875
2026-03-24,75.439451953125,33.730930468749996
2026-03-25,75.8913390625,33.991221484375
2026-03-26,74.6157240234375,33.18252412109375
2026-03-27,73.35069257812499,32.46995703125
2026-03-30,73.0204583984375,32.23169296875
2026-03-31,75.1668974609375,33.46547783203125
2026-04-01,75.693026953125,33.8534712890625
2026-04-02,75.820048046875,33.912728515625
2026-04-06,76.1689921875,34.094326757812496
2026-04-07,76.21748984375,34.12766689453125
2026-04-08,78.137316015625,35.084234863281246
2026-04-09,78.567847265625,35.37475087890625
2026-04-10,78.436064453125,35.49948046875
2026-04-13,79.3061203125,35.93479736328125
2026-04-14,80.203183203125,36.64057412109375
2026-04-15,80.780932421875,37.2248302734375
2026-04-16,80.98740234375,37.3591837890625
2026-04-17,82.02374999999999,37.9261447265625
2026-04-20,81.926008984375,37.826805468749995
2026-04-21,81.38785390625,37.602939453124996
2026-04-22,82.161920703125,38.219233984375
2026-04-23,81.810757421875,37.879675
2026-04-24,82.3730625,38.49672939453125
2026-04-27,82.451478125,38.57500439453125
2026-04-28,81.99864765625,38.2288912109375
2026-04-29,81.916395703125,38.24352236328125
2026-04-30,82.8597640625,38.58308134765625
2026-05-01,83.0971671875,38.92738115234375
2026-05-04,82.7542515625,38.8550912109375
2026-05-05,83.46585,39.25550283203125
2026-05-06,84.660385546875,40.050356152343745
2026-05-07,84.216431640625,39.9996087890625
2026-05-08,84.8801703125,40.68297412109375
2026-05-11,85.01764921875,40.72490283203125
2026-05-12,84.8075046875,40.4367087890625
2026-05-13,85.273658984375,40.9236267578125
2026-05-14,85.9128703125,41.28459208984375
2026-05-15,84.770785546875,40.64896796875
2026-05-18,84.6815078125,40.4406322265625
2026-05-19,84.09888007812499,40.099601953124996
2026-05-20,85.106873046875,40.719057031249996
2026-05-21,85.31458281249999,40.754304394531246
2026-05-22,85.695852734375,40.83315458984375
2026-05-26,86.30847031249999,41.317078515625
2026-05-27,86.30791328125,41.3458322265625
2026-05-28,86.84305859375,41.72207958984375
2026-05-29,87.002360546875,41.80755966796875
2026-06-01,87.202173046875,41.98455634765625
2026-06-02,87.40077265625,41.99554560546875
2026-06-03,86.73571328125,41.6236697265625
2026-06-04,87.168248046875,41.587989453125
2026-06-05,84.802698046875,39.849616015624996
2026-06-08,85.093594140625,40.190973242187496
2026-06-09,84.929072265625,39.802171484375
2026-06-10,83.5514171875,39.012724999999996
2026-06-11,85.126602734375,40.004973242187496
2026-06-12,85.55717890625,40.127701757812495
2026-06-15,86.90947109375,41.36010615234375
2026-06-16,86.388943359375,40.8833267578125
2026-06-17,85.36455390625,40.3335732421875
2026-06-18,86.33904414062499,41.102791015625
2026-06-22,86.052927734375,40.558229394531246
2026-06-23,84.884114453125,39.659910546875
2026-06-24,84.846865234375,39.48879296875
2026-06-25,84.89919921875,39.30582939453125
2026-06-26,84.941273046875,39.21130966796875
2026-06-29,85.93556484375,40.02121796875
2026-06-30,86.58705781249999,40.631267089843746
2026-07-01,86.38460390624999,40.36204541015625
2026-07-02,86.3226296875,40.04063837890625
2026-07-06,86.9367296875,40.4877982421875
2026-07-07,86.472677734375,40.01896865234375
2026-07-08,86.142771484375,40.09950810546875
2026-07-09,86.8926703125,40.620680468749995
2026-07-10,87.163827734375,40.736494531249996
2026-07-13,86.4733515625,40.103428515625
2026-07-14,86.808010546875,40.46586513671875
2026-07-15,87.11496171875,40.7173072265625
2026-07-16,86.69395390625,40.1170212890625
2026-07-17,85.859781640625,39.55637236328125
2026-07-20,85.859781640625,39.537508984375
2026-07-21,85.859781640625,40.047676953125
2026-07-22,85.859781640625,39.82089560546875
2026-07-23,85.859781640625,38.96341865234375
2026-07-24,85.859781640625,38.712521484374996
2026-07-27,85.859781640625,38.64472412109375
2026-07-28,85.859781640625,38.55921376953125
