Date,PE_Ratio
2021-07-30,31.507729213726638
2021-08-02,31.575657417877544
2021-08-03,31.811349112352083
2021-08-04,31.83437674112771
2021-08-05,32.05800184994842
2021-08-06,31.868515851622288
2021-08-09,31.89613445452219
2021-08-10,31.73768165407255
2021-08-11,31.68066307632511
2021-08-12,32.0356248611021
2021-08-13,32.12820651072574
2021-08-16,32.16748700973493
2021-08-17,31.761189090057222
2021-08-18,31.449341739718907
2021-08-19,31.63887875077217
2021-08-20,32.10001453961002
2021-08-23,32.58207107845163
2021-08-24,32.63051260057195
2021-08-25,32.625724564144924
2021-08-26,32.448409035627655
2021-08-27,32.78593000057058
2021-08-30,33.38223297408283
2021-08-31,33.35335310712319
2021-09-01,33.427626385697984
2021-09-02,33.351885875798786
2021-09-03,33.473763664928185
2021-09-07,33.70626236576192
2021-09-08,33.61190324063506
2021-09-09,33.4099412926562
2021-09-10,33.00851454833421
2021-09-13,33.03843955161669
2021-09-14,33.03916172607237
2021-09-15,33.34667334198227
2021-09-16,33.34326501642184
2021-09-17,32.894409478968235
2021-09-20,32.0989232824954
2021-09-21,32.1789138301786
2021-09-22,32.46237852473288
2021-09-23,32.70201003901855
2021-09-24,32.85274931054841
2021-09-27,32.60635071183484
2021-09-28,31.647671716006666
2021-09-29,31.64904437936937
2021-09-30,31.458863947758633
2021-10-01,31.765954782658202
2021-10-04,31.025868335053058
2021-10-05,31.481495172815578
2021-10-06,31.773574567529888
2021-10-07,32.05691342826739
2021-10-08,31.972246593379076
2021-10-11,31.840330894140394
2021-10-12,31.74174899733288
2021-10-13,31.944296289263733
2021-10-14,32.497449670164166
2021-10-15,32.86617026065519
2021-10-18,33.34723590628976
2021-10-19,33.53426859362847
2021-10-20,33.46577926353619
2021-10-21,33.77171929288124
2021-10-22,33.4069941650727
2021-10-25,33.922061889052785
2021-10-26,34.15121174636644
2021-10-27,34.6096057747529
2021-10-28,35.144124471946995
2021-10-29,35.36201964258059
2021-11-01,35.53961390966748
2021-11-02,35.61996570561932
2021-11-03,36.10702565910493
2021-11-04,36.718488982591445
2021-11-05,36.82009058277965
2021-11-08,36.546766182243736
2021-11-09,36.0833445238815
2021-11-10,35.61844257694126
2021-11-11,35.684968856525614
2021-11-12,36.026302090296234
2021-11-15,35.99616485077678
2021-11-16,36.28002051116119
2021-11-17,36.47114822989375
2021-11-18,37.18790420890223
2021-11-19,37.63778390501646
2021-11-22,37.31447298456785
2021-11-23,37.05388877131571
2021-11-24,37.229942014040205
2021-11-26,36.26432753086266
2021-11-29,37.24375285361178
2021-11-30,36.97614232634406
2021-12-01,36.39041932573848
2021-12-02,36.390815130071736
2021-12-03,35.58473880322276
2021-12-06,35.94121725358772
2021-12-07,37.144704337559006
2021-12-08,37.396512758710855
2021-12-09,36.832763858323126
2021-12-10,37.41563853610798
2021-12-13,36.68960456102221
2021-12-14,36.203401572065886
2021-12-15,37.17448936923699
2021-12-16,35.904124780923176
2021-12-17,35.77671709222038
2021-12-20,35.32863146480308
2021-12-21,36.14234866931408
2021-12-22,36.806317511494136
2021-12-23,37.20590582134362
2021-12-27,37.89011640809945
2021-12-28,37.743661970195404
2021-12-29,37.67203200208543
2021-12-30,37.42214666943563
2021-12-31,37.109199726746915
2022-01-03,38.06577725154786
2022-01-04,37.40684429809564
2022-01-05,36.07416125340708
2022-01-06,35.84620711645889
2022-01-07,35.53999616890099
2022-01-10,35.66390822809192
2022-01-11,36.085016011003496
2022-01-12,36.394147059271546
2022-01-13,35.19869539099854
2022-01-14,35.54189609641854
2022-01-18,34.70736401445717
2022-01-19,34.23435853760234
2022-01-20,33.77972994108866
2022-01-21,32.766618850275194
2022-01-24,32.83753835947859
2022-01-25,32.090897504855654
2022-01-26,32.378069033586385
2022-01-27,31.889989920442392
2022-01-28,33.10747533008936
2022-01-31,34.268306317615945
2022-02-01,34.34597509828355
2022-02-02,34.69970030821149
2022-02-03,32.964622356339405
2022-02-04,33.87059172934228
2022-02-07,33.51717530591264
2022-02-08,33.959714556385805
2022-02-09,34.50871488994169
2022-02-10,33.668872935499955
2022-02-11,32.598559600503144
2022-02-14,32.76225876617561
2022-02-15,33.58506218362831
2022-02-16,33.604848684624095
2022-02-17,32.57674883635187
2022-02-18,32.16914749003995
2022-02-22,31.705969244067703
2022-02-23,30.70416532569298
2022-02-24,31.868740973694415
2022-02-25,32.295869472919954
2022-02-28,32.60567846865642
2022-03-01,32.14056563868193
2022-03-02,32.67114438446694
2022-03-03,32.13675838044876
2022-03-04,31.67763624749492
2022-03-07,30.440249911220704
2022-03-08,30.32578579563202
2022-03-09,31.49231588413711
2022-03-10,31.279647089010034
2022-03-11,30.557150905070497
2022-03-14,29.879169458082828
2022-03-15,30.990442976200125
2022-03-16,32.04916849780849
2022-03-17,32.46802445682667
2022-03-18,33.29373962514211
2022-03-21,33.37494571703556
2022-03-22,34.20298808244873
2022-03-23,33.910672163807234
2022-03-24,34.62202150452711
2022-03-25,34.65699441929218
2022-03-28,35.43979946116194
2022-03-29,35.8973978792008
2022-03-30,35.57033574930938
2022-03-31,34.97852864625457
2022-04-01,35.03912270674585
2022-04-04,35.96712394288353
2022-04-05,35.12567262088536
2022-04-06,34.07258497178731
2022-04-07,34.16165008227546
2022-04-08,33.5371473874124
2022-04-11,32.46779625355852
2022-04-12,32.43136896376146
2022-04-13,33.13024749955327
2022-04-14,32.20551242560327
2022-04-18,32.398578116269036
2022-04-19,33.08349315939665
2022-04-20,32.55955387263947
2022-04-21,32.04412514232861
2022-04-22,31.276503300853904
2022-04-25,31.63940499786452
2022-04-26,30.076222486806078
2022-04-27,30.177741320206376
2022-04-28,31.33261722644892
2022-04-29,29.70388777072275
2022-05-02,30.253295958485868
2022-05-03,30.31268686552384
2022-05-04,31.383616934061823
2022-05-05,29.54570759567929
2022-05-06,29.338999019837235
2022-05-09,28.036059669146614
2022-05-10,28.46927664341124
2022-05-11,27.27862497145186
2022-05-12,26.983555295246862
2022-05-13,28.02713567624007
2022-05-16,27.627462665305384
2022-05-17,28.412655087010474
2022-05-18,26.774871515494635
2022-05-19,26.447429930249317
2022-05-20,26.228322943438958
2022-05-23,26.816991503121788
2022-05-24,26.097550805307566
2022-05-25,26.49649617012665
2022-05-26,27.320718866137184
2022-05-27,28.3923705139243
2022-05-31,28.451044430522003
2022-06-01,28.351235684400162
2022-06-02,29.118602421109234
2022-06-03,28.09308139581113
2022-06-06,28.297065300679396
2022-06-07,28.501632792344473
2022-06-08,28.34850553146747
2022-06-09,27.566804878951885
2022-06-10,26.43012589083837
2022-06-13,25.168013960885563
2022-06-14,25.283425103023998
2022-06-15,26.098588067537694
2022-06-16,25.03165356993249
2022-06-17,25.34940171797565
2022-06-21,26.177138572923056
2022-06-22,26.09763714749925
2022-06-23,26.530869269257078
2022-06-24,27.48367601417725
2022-06-27,27.21374963984521
2022-06-28,26.205687296596448
2022-06-29,26.35981209035381
2022-06-30,25.92242338995487
2022-07-01,26.186485378401507
2022-07-05,26.773484335058047
2022-07-06,27.01085518986473
2022-07-07,27.641734086175358
2022-07-08,27.72282005297804
2022-07-11,26.995977993281123
2022-07-12,26.623431989126185
2022-07-13,26.63221802047711
2022-07-14,26.815781885781742
2022-07-15,27.226415383682383
2022-07-18,26.996967752932985
2022-07-19,27.80231624843991
2022-07-20,28.277307382535835
2022-07-21,28.870857921773048
2022-07-22,28.35466456894803
2022-07-25,28.11360697701066
2022-07-26,27.376750440628918
2022-07-27,28.798461283202183
2022-07-28,29.162611763339356
2022-07-29,30.19788362404719
2022-08-01,30.12250838271493
2022-08-02,29.970062218179873
2022-08-03,30.900582331528867
2022-08-04,31.076602780956794
2022-08-05,30.66369438373894
2022-08-08,30.480852474994464
2022-08-09,30.270871568459693
2022-08-10,31.200931441818422
2022-08-11,30.888558171083208
2022-08-12,31.625141597062406
2022-08-15,31.877560897626484
2022-08-16,31.845203684098056
2022-08-17,31.630658785098085
2022-08-18,31.689775187993554
2022-08-19,31.035435037821486
2022-08-22,30.174482521678932
2022-08-23,30.207754244581764
2022-08-24,30.2324929656567
2022-08-25,30.709576297584736
2022-08-26,29.418978706036512
2022-08-29,29.082813355744186
2022-08-30,28.71015312684831
2022-08-31,28.477955625952816
2022-09-01,28.507783356970744
2022-09-02,28.096395919567616
2022-09-06,27.923159599616003
2022-09-07,28.474687252191938
2022-09-08,28.52606337496433
2022-09-09,29.215290444181125
2022-09-12,29.751219327096916
2022-09-13,27.985041730173798
2022-09-14,28.264998610349167
2022-09-15,27.721816512568598
2022-09-16,27.522802457189172
2022-09-19,27.83913371732668
2022-09-20,27.71275417000076
2022-09-21,27.166637968982176
2022-09-22,26.9206362122453
2022-09-23,26.35859649571746
2022-09-26,26.356930528352507
2022-09-27,26.420365404711646
2022-09-28,26.786658184715872
2022-09-29,25.82630112465907
2022-09-30,25.3384286608183
2022-10-03,25.69092635578375
2022-10-04,26.50717157767196
2022-10-05,26.404826091788102
2022-10-06,26.22168711174552
2022-10-07,25.049613124932264
2022-10-10,24.831051921708774
2022-10-11,24.484828793420764
2022-10-12,24.50588530682107
2022-10-13,25.101566399609148
2022-10-14,24.161635519643372
2022-10-17,25.191583906001544
2022-10-18,25.41247556587278
2022-10-19,25.339667433670016
2022-10-20,25.11332193680731
2022-10-21,25.761982680302573
2022-10-24,26.065562369582842
2022-10-25,26.616164819241746
2022-10-26,25.633000590661847
2022-10-27,24.897740599157178
2022-10-28,25.61132164098348
2022-10-31,25.236929087631715
2022-11-01,24.762312605513785
2022-11-02,23.794074091599782
2022-11-03,23.17870056241266
2022-11-04,23.459725266624314
2022-11-07,23.615735638923862
2022-11-08,23.62433439789762
2022-11-09,22.90410434395179
2022-11-10,24.914407295776336
2022-11-11,25.458070172882284
2022-11-14,25.093142285437203
2022-11-15,25.392441335388163
2022-11-16,25.077560920140574
2022-11-17,25.028212604291504
2022-11-18,24.96541206043003
2022-11-21,24.565867863911024
2022-11-22,24.93016919507293
2022-11-23,25.316827909718498
2022-11-25,25.091362408062572
2022-11-28,24.693946211213557
2022-11-29,24.405933531300533
2022-11-30,25.75634038056007
2022-12-01,25.715203291590953
2022-12-02,25.611517058608595
2022-12-05,25.089717727485514
2022-12-06,24.484988311108076
2022-12-07,24.264318668745982
2022-12-08,24.57887142920279
2022-12-09,24.523284474684555
2022-12-12,24.790853153141136
2022-12-13,25.070764068877235
2022-12-14,24.847953264664827
2022-12-15,23.990304491539884
2022-12-16,23.669272477482686
2022-12-19,23.25460981011097
2022-12-20,23.15734098100367
2022-12-21,23.51904241511467
2022-12-22,22.795577791549757
2022-12-23,22.850054163126803
2022-12-27,22.340538523696416
2022-12-28,22.024037570825513
2022-12-29,22.69710433763071
2022-12-30,22.689708347685126
2023-01-03,22.342492007012606
2023-01-04,22.257235889017974
2023-01-05,21.804432935876587
2023-01-06,22.432249345723204
2023-01-09,22.68983591656235
2023-01-10,22.878411759169364
2023-01-11,23.48378198866365
2023-01-12,23.60638463247616
2023-01-13,23.814879676949424
2023-01-17,23.970581684133563
2023-01-18,23.681224056712963
2023-01-19,23.482439945622456
2023-01-20,24.24106323127619
2023-01-23,24.798495123256004
2023-01-24,24.787129645703782
2023-01-25,24.708549078594647
2023-01-26,25.402492598353756
2023-01-27,25.934066662524586
2023-01-30,25.275152888462994
2023-01-31,25.737416042558884
2023-02-01,26.297225529356005
2023-02-02,27.64264485843215
2023-02-03,27.19358181621917
2023-02-06,27.008363170404948
2023-02-07,27.659797347012365
2023-02-08,27.237671409142926
2023-02-09,27.01478741652465
2023-02-10,26.75268105901496
2023-02-13,27.22797532803441
2023-02-14,27.492034498250092
2023-02-15,27.689191337758558
2023-02-16,27.065745896367183
2023-02-17,26.885275593750798
2023-02-21,26.18036098068013
2023-02-22,26.2417387860634
2023-02-23,26.576033829039662
2023-02-24,26.046082126585716
2023-02-27,26.306903891479582
2023-02-28,26.275425554962172
2023-03-01,25.93366996319399
2023-03-02,26.05221746154818
2023-03-03,26.774466565379146
2023-03-06,26.867453731218976
2023-03-07,26.550381140507408
2023-03-08,26.63574708434169
2023-03-09,26.16894226650608
2023-03-10,25.821204546385196
2023-03-13,26.12798510761566
2023-03-14,26.864289455488613
2023-03-15,27.08722243266139
2023-03-16,27.93090882565348
2023-03-17,27.845174574301083
2023-03-20,27.85336358813896
2023-03-21,28.390715343015795
2023-03-22,28.069213123383467
2023-03-23,28.408179134794995
2023-03-24,28.50670080273016
2023-03-27,28.21973605139028
2023-03-28,28.038884942158813
2023-03-29,28.579571207964758
2023-03-30,28.87176167607723
2023-03-31,29.43618325292225
2023-04-03,29.30971591176633
2023-04-04,29.279439508761826
2023-04-05,28.862940611697077
2023-04-06,29.18773729851278
2023-04-10,29.015675646370312
2023-04-11,28.682318136702733
2023-04-12,28.421588033026897
2023-04-13,29.18858588602578
2023-04-14,29.115196735026135
2023-04-17,29.17181081054266
2023-04-18,29.199522612928817
2023-04-19,29.254637349075175
2023-04-20,28.850957003085885
2023-04-21,28.907432712517515
2023-04-24,28.788783282927373
2023-04-25,28.256549634193174
2023-04-26,28.739712908282034
2023-04-27,29.745112071738607
2023-04-28,29.844767004951514
2023-05-01,29.763452918226772
2023-05-02,29.5782921475175
2023-05-03,29.42389261568516
2023-05-04,29.32067025760134
2023-05-05,30.135185433548074
2023-05-08,30.184439647416102
2023-05-09,29.997876227686344
2023-05-10,30.437553908473145
2023-05-11,30.59554396013073
2023-05-12,30.400338158007823
2023-05-15,30.484338879963975
2023-05-16,30.678847314230783
2023-05-17,31.104872096239543
2023-05-18,31.675225291220713
2023-05-19,31.639907099193284
2023-05-22,31.748505391169225
2023-05-23,31.35312475567682
2023-05-24,31.303047846557135
2023-05-25,32.3567373836188
2023-05-26,33.26687127698665
2023-05-30,33.530147258856786
2023-05-31,33.2940902576902
2023-06-01,33.8555056922576
2023-06-02,34.13153123527612
2023-06-05,34.16052859483999
2023-06-06,34.127809605428055
2023-06-07,33.420409618964726
2023-06-08,33.967253977720056
2023-06-09,34.15399743835362
2023-06-12,34.81573653181898
2023-06-13,35.09285951689848
2023-06-14,35.39173424640444
2023-06-15,35.842467787896126
2023-06-16,35.60767911025917
2023-06-20,35.7733985269998
2023-06-21,35.231995569305035
2023-06-22,35.84219288693275
2023-06-23,35.50334823078261
2023-06-26,34.741454307537865
2023-06-27,35.417991408247495
2023-06-28,35.52181278536204
2023-06-29,35.45294151144901
2023-06-30,36.16303224336085
2023-07-03,36.27726364914988
2023-07-05,36.33903480008522
2023-07-06,36.18776565823064
2023-07-07,36.04375278773662
2023-07-10,35.68570176026624
2023-07-11,35.822282174518996
2023-07-12,36.34112049024758
2023-07-13,37.032504557967954
2023-07-14,37.09668665209362
2023-07-17,37.45541051124831
2023-07-18,37.85270097428184
2023-07-19,37.849966220680095
2023-07-20,36.73911952301372
2023-07-21,36.46514273864415
2023-07-24,36.66847745743145
2023-07-25,36.95904522001455
2023-07-26,36.73745388407698
2023-07-27,36.51653814332569
2023-07-28,37.334822993254406
2023-07-31,37.232286309915665
2023-08-01,37.076952268158436
2023-08-02,36.170922199620406
2023-08-03,36.178677272879206
2023-08-04,36.04214003473754
2023-08-07,36.22071634794021
2023-08-08,35.93830533927333
2023-08-09,35.30807937510411
2023-08-10,35.366740101861915
2023-08-11,35.11611252531644
2023-08-14,35.64014092084702
2023-08-15,35.22678436031763
2023-08-16,34.853798962304225
2023-08-17,34.464206954400964
2023-08-18,34.33577746869734
2023-08-21,35.19031742019583
2023-08-22,35.1478025482933
2023-08-23,35.805944447627404
2023-08-24,35.03528113267081
2023-08-25,35.299276350454306
2023-08-28,35.53685318695913
2023-08-29,36.46243343972243
2023-08-30,36.690312869298
2023-08-31,36.828596211204975
2023-09-01,36.61070192114783
2023-09-05,36.87275146925167
2023-09-06,36.27491943725616
2023-09-07,35.967535138077025
2023-09-08,36.03868713133897
2023-09-11,36.73834679687906
2023-09-12,36.16136891741564
2023-09-13,36.46516580452343
2023-09-14,36.771345330563875
2023-09-15,36.070465777362735
2023-09-18,36.096977185346404
2023-09-19,36.05853479928296
2023-09-20,35.332259942799496
2023-09-21,34.64819509087987
2023-09-22,34.587761297355215
2023-09-25,34.836001116793604
2023-09-26,34.16209367185269
2023-09-27,34.136438980442506
2023-09-28,34.405604936412935
2023-09-29,34.54264221570208
2023-10-02,35.45717047912981
2023-10-03,34.730330819920574
2023-10-04,35.34970970221392
2023-10-05,35.36372421344516
2023-10-06,35.982944173896946
2023-10-09,36.141378366315074
2023-10-10,36.254758131888444
2023-10-11,36.69612491706949
2023-10-12,36.66994759212055
2023-10-13,36.06836681225461
2023-10-16,36.48301547553682
2023-10-17,36.216852455422405
2023-10-18,35.628294414766216
2023-10-19,35.266222279306234
2023-10-20,34.632949012281216
2023-10-23,34.930568078120686
2023-10-24,35.23585791129685
2023-10-25,34.499575898356056
2023-10-26,33.540969742718346
2023-10-27,34.01863787441903
2023-10-30,34.52751828434576
2023-10-31,34.30795221622311
2023-11-01,35.11805355681749
2023-11-02,35.69872216915423
2023-11-03,36.000608576616926
2023-11-06,36.33882261900477
2023-11-07,36.79224060857268
2023-11-08,36.96550876615669
2023-11-09,36.654663276714196
2023-11-10,37.54843522172101
2023-11-13,37.47776099256544
2023-11-14,38.20950991834015
2023-11-15,38.151094568591446
2023-11-16,38.251468596468364
2023-11-17,38.17355672916392
2023-11-20,38.66715123658979
2023-11-21,38.45956710155555
2023-11-22,38.587843351378524
2023-11-24,38.42080990127219
2023-11-27,38.44134225366495
2023-11-28,38.686125700788324
2023-11-29,38.400044185254224
2023-11-30,38.0909083071883
2023-12-01,38.051544608378194
2023-12-04,37.53142266759706
2023-12-05,37.98859989668532
2023-12-06,37.64941702067125
2023-12-07,38.24188428618574
2023-12-08,38.52300711035428
2023-12-11,38.26525338073162
2023-12-12,38.638064160859294
2023-12-13,38.950015754719196
2023-12-14,38.7994274957001
2023-12-15,39.14226306388603
2023-12-18,39.535584665817176
2023-12-19,39.666939173090064
2023-12-20,39.14292324379346
2023-12-21,39.53440397787432
2023-12-22,39.478741128263
2023-12-26,39.57612387945093
2023-12-27,39.638317600239766
2023-12-28,39.58168483034538
2023-12-29,39.39246013764182
2024-01-02,31.969519830103113
2024-01-03,31.68457686538722
2024-01-04,31.410279070885743
2024-01-05,31.479065730087747
2024-01-08,32.265950049083585
2024-01-09,32.369816760528344
2024-01-10,32.784069477517555
2024-01-11,32.82116575206838
2024-01-12,32.85650908730562
2024-01-16,32.84330286233812
2024-01-17,32.65947745303576
2024-01-18,33.183642066721234
2024-01-19,33.7917752300353
2024-01-22,33.7840512496164
2024-01-23,33.97253458514224
2024-01-24,34.210149864857705
2024-01-25,34.076814509069095
2024-01-26,33.98087988859806
2024-01-29,34.40069521528819
2024-01-30,34.161354389607894
2024-01-31,31.185913696049596
2024-02-01,31.69324980102236
2024-02-02,32.78805985344118
2024-02-05,32.78394329159631
2024-02-06,32.721447035473574
2024-02-07,33.20881465977363
2024-02-08,33.18593506921098
2024-02-09,33.6769271335927
2024-02-12,33.37208630684001
2024-02-13,32.86596323554031
2024-02-14,33.22566454459203
2024-02-15,33.165424081028746
2024-02-16,32.883152878257754
2024-02-20,32.501051245500534
2024-02-21,32.44949478839656
2024-02-22,33.75806050625885
2024-02-23,33.64576508104763
2024-02-26,33.54552980271914
2024-02-27,33.56845681181623
2024-02-28,33.416866207451875
2024-02-29,33.76098088231037
2024-03-01,34.16456662323656
2024-03-04,33.95219842974252
2024-03-05,33.27707890773574
2024-03-06,33.37655361243842
2024-03-07,34.06350052183254
2024-03-08,33.49954195451365
2024-03-11,33.27256516875819
2024-03-12,34.07776724916887
2024-03-13,33.84180882405575
2024-03-14,33.92815658649094
2024-03-15,33.45344172745747
2024-03-18,33.86311282620552
2024-03-19,34.08737537887143
2024-03-20,34.54488588213087
2024-03-21,34.4706825404106
2024-03-22,34.70161046841599
2024-03-25,34.58347351958833
2024-03-26,34.33341186658962
2024-03-27,34.36238811213424
2024-03-28,34.23592377457614
2024-04-01,34.369023216994094
2024-04-02,34.10550324893482
2024-04-03,34.21836252783635
2024-04-04,33.81257505303441
2024-04-05,34.32923776942634
2024-04-08,34.283649845279136
2024-04-09,34.347588083108626
2024-04-10,34.26564149587483
2024-04-11,35.076949813457006
2024-04-12,34.61479240440183
2024-04-15,33.87049236116105
2024-04-16,33.816671711961405
2024-04-17,33.37977757306889
2024-04-18,33.16598568656617
2024-04-19,32.14029725644862
2024-04-22,32.49362022409976
2024-04-23,33.044626329074276
2024-04-24,33.1077133778195
2024-04-25,32.84435310786766
2024-04-26,33.70153528824539
2024-04-29,33.91367946159798
2024-04-30,33.09509883767367
2024-05-01,33.03284051422147
2024-05-02,33.60367646794423
2024-05-03,34.49966673395683
2024-05-06,35.00774352517448
2024-05-07,34.86981967919102
2024-05-08,34.859147363032534
2024-05-09,34.883064999512456
2024-05-10,34.893651958496484
2024-05-13,34.99701899132066
2024-05-14,35.297224428523386
2024-05-15,35.81528874254153
2024-05-16,35.666090133378994
2024-05-17,35.594420199682894
2024-05-20,35.81141029464296
2024-05-21,36.0448881621708
2024-05-22,35.928141551820175
2024-05-23,36.05783686161245
2024-05-24,36.53697354773537
2024-05-28,37.02267284444119
2024-05-29,36.980029795793854
2024-05-30,36.301810613594235
2024-05-31,36.17703632798212
2024-06-03,36.62131807102172
2024-06-04,36.830407447385745
2024-06-05,37.656451488587464
2024-06-06,37.66778728033429
2024-06-07,37.68620487804372
2024-06-10,37.79757923643566
2024-06-11,38.3844243589749
2024-06-12,39.11467379476612
2024-06-13,39.54073461991529
2024-06-14,39.75294609923415
2024-06-17,40.19869716727876
2024-06-18,40.20326496578522
2024-06-20,39.74499693525442
2024-06-21,39.507183180694184
2024-06-24,38.828751980375536
2024-06-25,39.59318295132752
2024-06-26,40.085814006113544
2024-06-27,40.173305543526894
2024-06-28,39.69358385233574
2024-07-01,38.891352735028825
2024-07-02,39.33245735683521
2024-07-03,39.89668763149434
2024-07-05,40.378903286336964
2024-07-08,40.48925412888462
2024-07-09,40.65807578735207
2024-07-10,41.2193503517162
2024-07-11,39.79473104739874
2024-07-12,39.96244269981133
2024-07-15,40.079451507004116
2024-07-16,39.85572430984839
2024-07-17,38.54323644912654
2024-07-18,38.46419704750431
2024-07-19,38.073353846446096
2024-07-22,38.74116770949265
2024-07-23,38.83337046734593
2024-07-24,36.99163257972735
2024-07-25,36.53420882788954
2024-07-26,36.888017811243195
2024-07-29,36.98611752071896
2024-07-30,36.28093236511561
2024-07-31,37.80249049027898
2024-08-01,36.92480799469778
2024-08-02,36.05790669586665
2024-08-05,34.548329503372024
2024-08-06,34.93730780259435
2024-08-07,34.52275325975453
2024-08-08,35.524769606345096
2024-08-09,35.82470769162968
2024-08-12,36.08252491456857
2024-08-13,37.12462861593375
2024-08-14,37.19989324229147
2024-08-15,38.19524207408616
2024-08-16,38.268983231211486
2024-08-19,38.825222693547026
2024-08-20,38.73268513531256
2024-08-21,38.87397269284077
2024-08-22,38.06574286747176
2024-08-23,38.66521574753577
2024-08-26,38.25658907961436
2024-08-27,38.31075120254611
2024-08-28,37.83851520807174
2024-08-29,37.55817614552853
2024-08-30,38.06028051624934
2024-09-03,36.61283963134407
2024-09-04,36.464537619988185
2024-09-05,36.78870025614197
2024-09-06,35.64382961181715
2024-09-09,36.151316447307295
2024-09-10,36.648503772833934
2024-09-11,37.7372984320732
2024-09-12,38.23963060094961
2024-09-13,38.306306550088024
2024-09-16,37.899467235044014
2024-09-17,37.96910348722695
2024-09-18,37.87247266463949
2024-09-19,39.04413254447959
2024-09-20,38.914006506822716
2024-09-23,39.04017107274496
2024-09-24,39.30181921718336
2024-09-25,39.48316235577317
2024-09-26,39.514694811768884
2024-09-27,39.23152779549551
2024-09-30,39.78859660440504
2024-10-01,39.014668266698244
2024-10-02,38.98638799845711
2024-10-03,39.074141617376334
2024-10-04,39.58418641304674
2024-10-07,39.05094918681288
2024-10-08,39.83357403431119
2024-10-09,40.07332042799359
2024-10-10,40.12847793878245
2024-10-11,39.941635961127666
2024-10-14,40.34683747599414
2024-10-15,39.97615994517643
2024-10-16,40.05217087126508
2024-10-17,40.17398636347315
2024-10-18,40.390374692745695
2024-10-21,40.77080326712506
2024-10-22,40.948590570625264
2024-10-23,40.11039084018643
2024-10-24,40.62579072724985
2024-10-25,40.97953520448577
2024-10-28,40.93562704205366
2024-10-29,41.31501896905132
2024-10-30,41.13767675984191
2024-10-31,40.43387289591056
2024-11-01,40.85590953604181
2024-11-04,40.657084525415925
2024-11-05,41.3210842166665
2024-11-06,42.54183695923165
2024-11-07,43.3854910027742
2024-11-08,43.41635870507582
2024-11-11,43.28182612244947
2024-11-12,43.41582797975013
2024-11-13,43.43840748847143
2024-11-14,43.232452174225585
2024-11-15,42.17907947861053
2024-11-18,42.4014394273324
2024-11-19,43.076902449907394
2024-11-20,42.888492722642034
2024-11-21,42.65925159168563
2024-11-22,42.56602065519582
2024-11-25,42.4211175353119
2024-11-26,42.9719401102607
2024-11-27,42.57317843546732
2024-11-29,43.08131882256467
2024-12-02,43.68628034508991
2024-12-03,44.045361029946235
2024-12-04,44.74394466309867
2024-12-05,44.9546035858579
2024-12-06,45.40397990512624
2024-12-09,45.29103702282387
2024-12-10,45.23141534505632
2024-12-11,46.24814948829491
2024-12-12,45.93626290542557
2024-12-13,46.261165275082014
2024-12-16,47.11463495285023
2024-12-17,47.10277224245612
2024-12-18,45.3923467496197
2024-12-19,45.496779640608096
2024-12-20,45.827774334988106
2024-12-23,46.48055799360692
2024-12-24,47.274445450759764
2024-12-26,47.166905115912655
2024-12-27,46.30611052210194
2024-12-30,45.7426591227975
2024-12-31,38.44802941373701
2025-01-02,38.273131405689064
2025-01-03,39.04433412026085
2025-01-06,39.7079786235008
2025-01-07,38.65068855240755
2025-01-08,38.66617453041218
2025-01-10,38.05130382074233
2025-01-13,37.83313504270251
2025-01-14,37.5445132304975
2025-01-15,38.68410190121779
2025-01-16,38.01426310184782
2025-01-17,38.72172840726475
2025-01-21,38.82112790417504
2025-01-22,39.50956925825935
2025-01-23,39.55844329388411
2025-01-24,39.31662191337305
2025-01-27,37.65312233051613
2025-01-28,38.853284991229714
2025-01-29,38.453368499444736
2025-01-30,38.300613554442485
2025-01-31,35.06549673513539
2025-02-03,34.45913382242389
2025-02-04,34.99370878863965
2025-02-05,35.00687226414409
2025-02-06,35.296537434938706
2025-02-07,34.6868831492125
2025-02-10,35.0501708179434
2025-02-11,34.967115160343276
2025-02-12,34.9784746739584
2025-02-13,35.55346725187514
2025-02-14,35.738976987226756
2025-02-18,35.57051637978516
2025-02-19,35.66624472525399
2025-02-20,35.55948225486161
2025-02-21,34.74528497235527
2025-02-24,34.23294535173323
2025-02-25,33.66276076685885
2025-02-26,33.75453125847115
2025-02-27,32.609002692133714
2025-02-28,33.281644229434676
2025-03-03,32.14178262480045
2025-03-04,32.02493086765686
2025-03-05,32.549054936799465
2025-03-06,31.63081859420874
2025-03-07,31.85216096322336
2025-03-10,30.332280342744316
2025-03-11,30.377283406944628
2025-03-12,30.93100636596173
2025-03-13,30.21928376306256
2025-03-14,31.071759732525987
2025-03-17,30.842667707114323
2025-03-18,30.167892036608542
2025-03-19,30.643744270220097
2025-03-20,30.579563179548515
2025-03-21,30.909757403476448
2025-03-24,31.704818576460937
2025-03-25,31.95432217058458
2025-03-26,31.08425955582058
2025-03-27,30.936239952347545
2025-03-28,30.02891799086676
2025-03-31,29.962034743859423
2025-04-01,30.363445525469103
2025-04-02,30.614967644532708
2025-04-03,28.54032313364312
2025-04-04,26.901006677734866
2025-04-07,26.984120248090544
2025-04-08,26.39523465213762
2025-04-09,30.127572221349656
2025-04-10,28.722933243556483
2025-04-11,29.400365003928336
2025-04-14,29.40430422113534
2025-04-15,29.31362507833139
2025-04-16,28.151532491039436
2025-04-17,27.9701566733402
2025-04-21,27.114700789422226
2025-04-22,27.86943528943754
2025-04-23,28.7315388987505
2025-04-24,29.573067439817734
2025-04-25,30.249020111533135
2025-04-28,30.138674432148548
2025-04-29,30.283547448806427
2025-04-30,30.181544550703848
2025-05-01,31.030519582531035
2025-05-02,31.341002613956075
2025-05-05,31.000385728098372
2025-05-06,30.798976501642116
2025-05-07,30.936091790618626
2025-05-08,31.251148916843192
2025-05-09,31.33799916774488
2025-05-12,33.018610801182604
2025-05-13,33.73596939028334
2025-05-14,34.166645847497925
2025-05-15,33.964846255692144
2025-05-16,34.057469366814225
2025-05-19,34.04698400746344
2025-05-20,33.86126004801149
2025-05-21,33.40765197209203
2025-05-22,33.58935786179894
2025-05-23,33.12518866496639
2025-05-27,34.08612404514024
2025-05-28,33.965002842103225
2025-05-29,34.22664175617397
2025-05-30,34.01918101304555
2025-06-02,34.31253362746463
2025-06-03,34.57755005086228
2025-06-04,34.694133709509714
2025-06-05,34.19726909221196
2025-06-06,34.61809562098251
2025-06-09,34.77726480691916
2025-06-10,35.05873124671587
2025-06-11,34.836548452660935
2025-06-12,35.00758057466341
2025-06-13,34.59818060662185
2025-06-16,35.101181754079974
2025-06-17,34.77735212309234
2025-06-18,34.872192480814434
2025-06-20,34.69299459145606
2025-06-23,35.13496730187917
2025-06-24,35.53217042340044
2025-06-25,35.80360827144598
2025-06-26,36.14211024906076
2025-06-27,36.44800308539615
2025-06-30,35.59794585522394
2025-07-01,35.11056414982969
2025-07-02,35.540177000955495
2025-07-03,35.927943636255705
2025-07-07,35.56371603201929
2025-07-08,35.5353940149467
2025-07-09,35.96226470869404
2025-07-10,36.076807108151556
2025-07-11,36.152827431166536
2025-07-14,36.13028707422276
2025-07-15,36.436473737435
2025-07-16,36.478295755701616
2025-07-17,36.716035735417876
2025-07-18,36.809345758210135
2025-07-21,36.983887935475806
2025-07-22,36.667835031199076
2025-07-23,36.92862308186809
2025-07-24,37.05719558750984
2025-07-25,37.16825474918207
2025-07-28,37.437875398082326
2025-07-29,37.23640142593188
2025-07-30,37.346112359238205
2025-07-31,37.712309351153564
2025-08-01,36.65411441432289
2025-08-04,37.367816594265534
2025-08-05,37.091216854597036
2025-08-06,37.809716118422514
2025-08-07,38.02931327656846
2025-08-08,38.549340895048516
2025-08-11,38.4697326790418
2025-08-12,38.92481531762617
2025-08-13,38.796344316586996
2025-08-14,38.95123864596197
2025-08-15,38.74405247551893
2025-08-18,38.72493170377175
2025-08-19,38.042083749185934
2025-08-20,37.65880164242955
2025-08-21,37.46551156093046
2025-08-22,38.178826063595835
2025-08-25,38.23836247673257
2025-08-26,38.42939173145549
2025-08-27,38.5174170451384
2025-08-28,38.70716887552473
2025-08-29,38.10949561509624
2025-09-02,37.668681606859465
2025-09-03,38.21243875715151
2025-09-04,38.65583267041417
2025-09-05,38.59170198855546
2025-09-08,38.770396697255215
2025-09-09,38.88572676262023
2025-09-10,39.06140064226553
2025-09-11,39.2277711550269
2025-09-12,39.67114038655909
2025-09-15,40.164962570099014
2025-09-16,40.1388128707019
2025-09-17,39.82248701117924
2025-09-18,40.004123330922695
2025-09-19,40.449898489011645
2025-09-22,40.848681160301204
2025-09-23,40.24928870412906
2025-09-24,40.22248492399318
2025-09-25,40.05870501699066
2025-09-26,40.21372273170219
2025-09-29,40.37831646807962
2025-09-30,39.24414771640369
2025-10-01,39.42054040446414
2025-10-02,39.43909098251218
2025-10-03,39.256289319497675
2025-10-06,39.52298466448576
2025-10-07,39.261449991816605
2025-10-08,39.68801253637074
2025-10-09,39.78457350377191
2025-10-10,38.257105319701886
2025-10-13,39.21145555107699
2025-10-14,38.62756167317019
2025-10-15,38.84804084518913
2025-10-16,38.77659397733348
2025-10-17,39.05808926352349
2025-10-20,39.56690187737948
2025-10-21,39.495763236477806
2025-10-22,39.272615207069165
2025-10-23,39.5593688551755
2025-10-24,39.983666662098244
2025-10-27,40.88613282544626
2025-10-28,41.62560955644018
2025-10-29,42.069493234664805
2025-10-30,41.10383212185691
2025-10-31,40.09934568818551
2025-11-03,40.44728635418368
2025-11-04,39.63854952384573
2025-11-05,39.6956333424882
2025-11-06,38.89537699270707
2025-11-07,38.67558724856735
2025-11-10,39.69949143934629
2025-11-11,39.55474204719295
2025-11-12,39.34067506183176
2025-11-13,38.43552654322676
2025-11-14,38.612029652873005
2025-11-17,38.34892188255407
2025-11-18,37.646680765839534
2025-11-19,37.99843909572161
2025-11-20,37.29925902640749
2025-11-21,37.40261802511634
2025-11-24,38.548120946822145
2025-11-25,38.69438277194275
2025-11-26,39.0323566678201
2025-11-28,39.22852565559983
2025-12-01,39.073217562490086
2025-12-02,39.270312864857715
2025-12-03,39.073439321618864
2025-12-04,39.223040646229656
2025-12-05,39.34426447619579
2025-12-08,39.38590396816096
2025-12-09,39.45994009869807
2025-12-10,39.45893061777581
2025-12-11,39.20395174981147
2025-12-12,38.45438047343759
2025-12-15,38.21767189185069
2025-12-16,38.43482696256398
2025-12-17,37.634156527556954
2025-12-18,38.242474507119084
2025-12-19,38.70865248719256
2025-12-22,38.85641894322451
2025-12-23,39.31384153087182
2025-12-24,39.37249381688436
2025-12-26,39.367654437757544
2025-12-29,39.110271151405506
2025-12-30,39.07148316939144
2025-12-31,36.05305660649266
2026-01-02,35.82218389382064
2026-01-05,35.921572719289344
2026-01-06,35.8524063911827
2026-01-07,35.95523292300046
2026-01-08,35.774693354365795
2026-01-09,36.02200878118106
2026-01-12,36.09063828562632
2026-01-13,36.00749038064165
2026-01-14,35.41908510855773
2026-01-15,35.545105594185024
2026-01-16,35.53444020258334
2026-01-20,34.39131929353368
2026-01-21,34.65689588809402
2026-01-22,35.10048858103794
2026-01-23,35.44431441271377
2026-01-26,35.67472802084714
2026-01-27,36.11003221562271
2026-01-28,36.16919072996334
2026-01-29,35.79299606839581
2026-01-30,35.70275476917304
2026-02-02,33.182089708820484
2026-02-03,32.63701671398772
2026-02-04,32.19404599417664
2026-02-05,31.66662307301728
2026-02-06,32.25793624785151
2026-02-09,32.64809481935979
2026-02-10,32.46976381237626
2026-02-11,32.38022977082589
2026-02-12,31.584871999398352
2026-02-13,31.204005467194197
2026-02-17,31.413387166941664
2026-02-18,31.661998037275144
2026-02-19,31.575865189012738
2026-02-20,31.94157237154311
2026-02-23,31.63167339670843
2026-02-24,31.956141558656313
2026-02-25,32.42939915564399
2026-02-26,31.801776725150393
2026-02-27,31.249965462224882
2026-03-02,31.452839289203002
2026-03-03,31.28927049703536
2026-03-04,31.67013635872755
2026-03-05,31.76768195792309
2026-03-06,31.254819385497992
2026-03-09,31.68744210043859
2026-03-10,31.76478112601509
2026-03-11,31.83138897877251
2026-03-12,31.314406832797804
2026-03-13,30.767988751021512
2026-03-16,31.168213470124
2026-03-17,31.22750746177088
2026-03-18,30.7459395111254
2026-03-19,30.527950301134272
2026-03-20,29.91087232288655
2026-03-23,30.39944060684165
2026-03-24,30.080480415535106
2026-03-25,30.32176200240474
2026-03-26,29.5445324840678
2026-03-27,28.820544451243745
2026-03-30,28.677493535597904
2026-03-31,29.87096575342523
2026-04-01,30.18384590176081
2026-04-02,30.16420959894147
2026-04-06,30.277120723057294
2026-04-07,30.33092454117691
2026-04-08,31.097456792740115
2026-04-09,31.491350240908382
2026-04-10,31.815868234438604
2026-04-13,32.113318527462255
2026-04-14,32.87887071993416
2026-04-15,33.68064721067154
2026-04-16,33.74074393978993
2026-04-17,34.285692193066794
2026-04-20,34.087211501362944
2026-04-21,33.892218944649215
2026-04-22,34.56429983469678
2026-04-23,34.1072025065885
2026-04-24,34.75219001424581
2026-04-27,34.96151911186659
2026-04-28,34.7510466149335
2026-04-29,34.62951817212251
2026-04-30,34.436685997008
2026-05-01,34.79724445332922
2026-05-04,34.738841554113456
2026-05-05,34.92915679869155
2026-05-06,35.588983003237466
2026-05-07,35.75160297440697
2026-05-08,36.219972176668136
2026-05-11,36.21563958328904
2026-05-12,36.093925054120255
2026-05-13,36.65539671986026
2026-05-14,37.231808746507674
2026-05-15,36.73371796219501
2026-05-18,36.51507667365272
2026-05-19,36.099687089011184
2026-05-20,36.53083738432516
2026-05-21,36.46919497547382
2026-05-22,36.37695347414279
2026-05-26,36.42259383899395
2026-05-27,36.590246772548895
2026-05-28,36.92463191378202
2026-05-29,37.00916487528687
2026-06-01,37.16359842082515
2026-06-02,37.11488065550546
2026-06-03,36.48600879188227
2026-06-04,36.42551826462541
2026-06-05,34.99493323336322
2026-06-08,35.0529814068086
2026-06-09,34.55872107379292
2026-06-10,33.78425986819049
2026-06-11,34.22150651041317
2026-06-12,34.11302735652885
2026-06-15,35.001610019081475
2026-06-16,34.71025285500777
2026-06-17,34.06476003207706
2026-06-18,34.67667228403686
2026-06-22,33.95469588715122
2026-06-23,33.42068598468745
2026-06-24,33.21273197810371
2026-06-25,32.32673334834741
2026-06-26,32.59943322159174
2026-06-29,33.15897136652186
2026-06-30,33.643089248063966
2026-07-01,34.013833427428125
2026-07-02,33.95408283337644
2026-07-06,34.42573921964475
2026-07-07,34.408463617735414
2026-07-08,34.63084582303589
2026-07-09,34.93266091469371
2026-07-10,35.31972879284732
2026-07-13,34.918081013096064
2026-07-14,35.193082703072314
2026-07-15,35.899882629539725
2026-07-16,35.479154490541646
2026-07-17,34.98922324271666
2026-07-20,35.00308857918955
2026-07-21,35.14913984067598
2026-07-22,35.09547588730324
2026-07-23,33.961377662191715
2026-07-24,34.0121825320268
2026-07-27,33.86273672581077
2026-07-28,34.05352063257786
