Price,Close,High,Low,Open,Volume
Ticker,PETR4.SA,PETR4.SA,PETR4.SA,PETR4.SA,PETR4.SA
Date,,,,,
2025-07-28,29.43381118774414,29.81069619471502,29.121272144895695,29.562503115989017,27972800
2025-07-29,29.819889068603516,29.966966069306416,29.406235661612662,29.590081035843212,33284000
2025-07-30,30.12323570251465,30.17839088972465,29.663619662207605,29.691195502516553,27110400
2025-07-31,30.003734588623047,30.10485067867486,29.80150240851942,29.829081755455803,23544900
2025-08-01,29.60846710205078,30.251930316891247,29.452199317645515,30.15081421799729,24191800
2025-08-04,29.562503814697266,29.6636199054487,29.378656695748482,29.608464717786426,15215600
2025-08-05,29.700389862060547,29.792311667717378,29.44300249435561,29.534927806604557,20635500
2025-08-06,29.737157821655273,30.279504915314092,29.5900808220152,29.966965852754903,32854600
2025-08-07,29.902618408203125,30.196772392960114,29.810696602938606,30.00373449794936,21111400
2025-08-08,28.064157485961914,29.46138898736639,28.064157485961914,28.95581201852021,107235300
2025-08-11,28.238811492919922,28.523774726597658,28.110119550804953,28.22961896086939,28045800
2025-08-12,28.312347412109375,28.744387612573107,28.174462950527868,28.303156634193854,37973300
2025-08-13,28.10092544555664,28.36750360020925,27.953848447574554,28.31234841099388,38340700
2025-08-14,27.7424259185791,28.24800288793422,27.595348918283207,28.24800288793422,43087500
2025-08-15,27.733232498168945,27.779193401802512,27.337962415054367,27.66888653176352,55416100
2025-08-18,27.907886505126953,28.08253933792421,27.595347457716215,27.806770415289346,31498100
2025-08-19,27.613733291625977,27.788386129302996,27.439078700652857,27.760810288246677,39294300
2025-08-20,27.779191970825195,27.907885650302795,27.66888510646839,27.687270168293193,23706600
2025-08-21,27.84354019165039,27.972232120163493,27.586154581328163,27.779192474097812,23327000
2025-08-22,28.644418716430664,28.644418716430664,28.014561047973388,28.099168928293892,49813600
2025-08-25,28.813636779785156,28.93584896915797,28.59741742082935,28.644421005620845,21075300
2025-08-26,28.6068172454834,28.74782978676352,28.418799328395405,28.653820828219523,21789700
2025-08-27,28.823036193847656,28.84183834390913,28.541011115212417,28.625618997417334,16349100
2025-08-28,29.076860427856445,29.264876553054226,28.8700403591456,28.93584788569017,25802500
2025-08-29,29.236677169799805,29.47169868757461,29.001655652025004,29.076862465990065,27713400
2025-09-01,29.302480697631836,29.49049861489845,29.18966958865752,29.33068392314335,9889700
2025-09-02,29.452896118164062,29.55630615830159,29.142667790823335,29.142667790823335,19812000
2025-09-03,29.19906997680664,29.471695771121478,29.06745851365973,29.255476426502494,29788800
2025-09-04,29.19906997680664,29.44349254627355,29.07685958860904,29.142665320182495,24816500
2025-09-05,28.757230758666992,29.227273756627458,28.381196718912967,29.21787268149964,46121900
2025-09-08,28.870040893554688,29.114463474600853,28.68202476487657,28.98285200521899,18164200
2025-09-09,29.09566307067871,29.283679199058255,28.964049808434062,29.01105518533279,31283900
2025-09-10,29.62211036682129,29.650313592604803,29.067459477914582,29.1050619858875,35949600
2025-09-11,29.50929832458496,29.59390620619104,29.396489011157996,29.424690442978882,17607900
2025-09-12,29.31188201904297,29.800727173585415,29.29307986854401,29.565705671563673,19318400
2025-09-15,29.565706253051758,29.659713421251947,29.1990714833982,29.424691914607884,21978400
2025-09-16,29.640913009643555,29.78192555475963,29.462296162858234,29.70671874449294,19154700
2025-09-17,29.81952667236328,29.885334197214732,29.575104102130176,29.650312701960402,29148100
2025-09-18,29.528100967407227,29.913536082014645,29.3212826939577,29.86653249948076,25702900
2025-09-19,29.19906997680664,29.565704727542858,29.05805743871042,29.54690257764424,48871300
2025-09-22,29.49049949645996,29.584506664831682,28.99225325595955,29.142666877040465,22016100
2025-09-23,29.988744735717773,30.167361587869525,29.575106370287557,29.60330959738684,39895300
2025-09-24,30.665605545043945,30.675008413661196,30.13915965907434,30.233166828385016,36414400
2025-09-25,30.421186447143555,30.834823035744837,30.308377120460268,30.7408158611994,29556300
2025-09-26,30.317773818969727,30.778417541719243,30.223766652438087,30.54339603924661,27819700
2025-09-29,29.904136657714844,30.590400834867413,29.828929845665883,30.3271743030883,35720000
2025-09-30,29.575105667114258,29.98874402270987,29.293080575114224,29.791326816924208,48611500
2025-10-01,29.49989891052246,29.659713607768296,29.424692099646293,29.565706438976942,24817000
2025-10-02,29.217872619628906,29.528100925903015,29.161467962053177,29.499897700579282,25497100
2025-10-03,29.142667770385742,29.45289609750891,29.142667770385742,29.29308139607747,19756800
2025-10-06,28.879440307617188,29.35888436673412,28.860639950981145,29.330682935244216,21245400
2025-10-07,28.982851028442383,29.011054253675905,28.531610183136415,28.879440995657866,29068800
2025-10-08,28.813636779785156,29.21787406405061,28.67262423233884,29.21787406405061,17687400
2025-10-09,28.39999771118164,28.992252905976095,28.381197353577328,28.823037136034824,22879700
2025-10-10,28.146175384521484,28.352993659327662,28.080369651313692,28.29658900130266,50214400
2025-10-13,28.418798446655273,28.456402746134835,28.174375879253194,28.34359164076784,13890500
2025-10-14,28.22138214111328,28.63501868996643,28.08976888186751,28.155576408026267,28138200
2025-10-15,27.967559814453125,28.362396024732984,27.892353002641336,28.24958491047938,40261000
2025-10-16,27.68553352355957,28.02396326557058,27.647929222740707,27.95815753220932,28660900
2025-10-17,27.94875717163086,28.15557724527932,27.553920968295927,27.732537815609106,36238600
2025-10-20,27.967559814453125,28.108572362466255,27.713736152186396,27.920556229472695,31442800
2025-10-21,27.7419376373291,28.193178479870134,27.704333337248155,28.164975254809423,25509900
2025-10-22,28.061569213867188,28.23078499134312,27.84534985067987,27.976961325129217,27088800
2025-10-23,28.381196975708008,28.87944141048834,28.30599016707673,28.691425285446016,40060800
2025-10-24,28.052165985107422,28.6256190107474,28.023962760002078,28.484604678292392,24370300
2025-10-27,28.202579498291016,28.352993112169496,27.91115334553542,28.352993112169496,24771400
2025-10-28,28.193180084228516,28.531611631928904,27.976960725674076,28.108572197303417,25324800
2025-10-29,28.22138214111328,28.352993607287306,28.01456207361496,28.287187874200292,24854900
2025-10-30,28.099170684814453,28.352994341642862,27.976960290640662,28.12737391104154,22657200
2025-10-31,27.967559814453125,28.28718921292119,27.779541888387733,28.20258132549895,29516300
2025-11-03,28.296588897705078,28.644419712836186,28.014562022469104,28.089768830584347,54977300
2025-11-04,28.43760108947754,28.447002164510437,28.11797171064594,28.202579592870286,35035200
2025-11-05,29.00165367126465,29.095662630568306,28.399997407564307,28.437601708514475,40375900
2025-11-06,29.152069091796875,29.40589275969264,29.048659050860405,29.123865864340054,43435700
2025-11-07,30.251968383789062,30.251968383789062,29.001654050015546,29.349484872988327,97315600
2025-11-10,30.421186447143555,30.599801513237416,30.016949141539286,30.364779990729993,41064200
2025-11-11,31.210857391357422,31.436476033773324,30.505792858056324,30.5904007454982,68221300
2025-11-12,30.411779403686523,31.26725748474499,30.157959350024388,31.26725748474499,67646400
2025-11-13,30.543397903442383,30.96643376479801,30.383581407212063,30.421185710577284,38517200
2025-11-14,30.740812301635742,31.182650274210246,30.62800298801496,30.646801551832237,27371300
2025-11-17,30.9100284576416,31.098046373492686,30.769014124217417,30.79721555644487,63708200
2025-11-18,31.013439178466797,31.18265136172766,30.71260835474731,30.74081337374374,26520500
2025-11-19,30.85362434387207,31.004037970716453,30.590401393430334,30.834822192248556,48719300
2025-11-21,30.618600845336914,30.778417330717318,30.421183645287748,30.609201563205602,40869300
2025-11-24,30.59039878845215,30.787815984472047,30.42118302439411,30.609200938474533,38665600
2025-11-25,30.345975875854492,30.496389497084934,30.16736082131322,30.411781611008834,28431100
2025-11-26,30.29897117614746,30.46818694206988,30.176758992727166,30.439985509797303,25042100
2025-11-27,30.458789825439453,30.458789825439453,30.270771895920696,30.345976916041963,16087400
2025-11-28,29.88533592224121,30.3741810909243,29.415292904600967,30.33657678883861,60420500
2025-12-01,29.941740036010742,30.242565481848633,29.67851530542889,30.03574899643796,29489100
2025-12-02,30.148557662963867,30.148557662963867,29.556304273293392,30.016946197053038,25574100
2025-12-03,30.37417984008789,30.552794888423946,30.223766224082926,30.223766224082926,36630000
2025-12-04,30.571598052978516,30.78781740902528,30.50579231792705,30.543396619711775,33009700
2025-12-05,29.49049949645996,30.93823104763173,29.49049949645996,30.55279591947791,74495100
2025-12-08,29.76312255859375,30.073350866266743,29.6033078671821,29.678514675312773,30271600
2025-12-09,29.951141357421875,29.988743866058613,29.452895118214567,29.716119850958922,23863000
2025-12-10,30.026348114013672,30.0733516979934,29.650314062960483,29.96994166155185,22123700
2025-12-11,29.528100967407227,29.988742889911904,29.377687351612707,29.969940739669656,64927900
2025-12-12,29.697317123413086,29.819527515449032,29.46229562151401,29.52810135515427,39659900
2025-12-15,29.80072784423828,29.988743974243842,29.697317807238555,29.781925693316186,31898900
2025-12-16,28.898244857788086,29.640913695288713,28.776034460679693,29.640913695288713,52661900
2025-12-17,29.217872619628906,29.217872619628906,28.973450046038437,29.01105434647008,39337100
2025-12-18,29.04865837097168,29.4058920714428,28.982852634851163,29.330685259723378,34311000
2025-12-19,29.152069091796875,29.36828845641688,29.114464788521115,29.208473753638643,45807700
2025-12-22,29.236677169799805,29.64091446726397,29.236677169799805,29.37768972185031,35896900
2025-12-23,29.393901824951172,29.646043736428435,29.287227752568786,29.626647777922397,35703900
2025-12-26,29.490880966186523,29.510276925480746,29.209646955222254,29.3939030194159,20178600
2025-12-29,29.80120849609375,29.878790482476763,29.59755647547602,29.636346543817293,20588100
2025-12-30,29.88848876953125,30.02425678467342,29.72362681555841,29.869092810310804,16880600
2026-01-02,29.78181266784668,30.024256607570734,29.442392631993375,30.024256607570734,21625200
2026-01-05,29.287227630615234,29.839999497832675,28.831431856123352,29.772115493044623,48211400
2026-01-06,28.744152069091797,29.510275784282232,28.724757960248056,29.45208975835018,38095000
2026-01-07,28.928409576416016,28.928409576416016,28.637477601072533,28.773245609606107,28132900
2026-01-08,29.287227630615234,29.422995640191335,28.88961973139917,29.005991782549994,34125800
2026-01-09,29.38420295715332,29.810904782881128,29.22903899319782,29.258132930077107,27982800
2026-01-12,29.442392349243164,29.64604436879937,29.296924507045357,29.384204472483862,18947400
2026-01-13,30.198816299438477,30.37337623060062,29.442392397336448,29.442392397336448,54097100
2026-01-14,31.02312660217285,31.546804555146792,30.257004707153456,30.402470702440635,82309300
2026-01-15,30.829172134399414,30.964940148173657,30.489750250263345,30.547936277637955,26456600
2026-01-16,31.07161521911621,31.22677918765084,30.916449400881174,30.984335255602932,70947300
2026-01-19,31.197683334350586,31.236475251252553,30.94554327328942,30.994031319716473,12852900
2026-01-20,31.31406021118164,31.537108192288052,30.97463832488466,31.1976844562906,26300000
2026-01-21,32.41960525512695,32.53597731516964,31.449829456168686,31.51771346614368,93270900
2026-01-22,32.56507110595703,33.09844702276639,32.254739465888875,32.37111521818976,71516300
2026-01-23,33.9809455871582,34.40764561575315,32.8560057850432,32.92388979642419,68642600
2026-01-26,34.2912712097168,34.62099511363334,33.98094326478369,34.300967339508055,39869600
2026-01-27,35.03799819946289,35.34832613745386,34.30096657218372,34.43673458262966,47268200
2026-01-28,36.21142578125,36.30840187415511,35.3968140228843,35.445302069336854,46054700
2026-01-29,36.560546875,37.41395057923825,36.43447499042595,36.85147886298549,58722800
2026-01-30,36.61872863769531,36.832080474533065,35.901096694624016,36.10474870284149,45794700
2026-02-02,36.11444854736328,36.11444854736328,35.51318495226501,35.6683489156515,38505600
2026-02-03,36.444175720214844,37.16180772835154,36.01747200785149,36.37628801191983,57152800
2026-02-04,36.385986328125,36.541150299058124,35.85261040925496,36.318102322054315,37955800
2026-02-05,35.8817024230957,36.473266217110336,35.78472632873957,36.26961419932195,35933100
2026-02-06,35.54228210449219,36.14354202329389,35.348326217955915,36.08535414751275,27681100
2026-02-09,36.19203186035156,36.318103747746534,35.44530406485983,35.55197999270165,27089800
2026-02-10,36.22112274169922,36.444174419419284,35.79442274396702,36.19203065304047,24585300
2026-02-11,36.92906188964844,37.29757400662855,36.550846244220125,36.58963816160778,55863800
2026-02-12,35.98837661743164,36.899964438544075,35.6877448203304,36.899964438544075,39856000
2026-02-13,35.775028228759766,36.03686813545773,35.425908353162484,36.03686813545773,27507000
2026-02-18,36.06595993041992,36.25991582632166,35.736236017207275,35.949587872639285,32276700
2026-02-19,36.66722106933594,37.08422492220805,36.308401391673385,36.36658926628372,48355000
2026-02-20,36.822383880615234,36.822383880615234,36.31810008134505,36.53144821608966,51949800
2026-02-23,37.423648834228516,38.06370072390281,36.706013103671935,36.82238886499537,55061500
2026-02-24,38.374027252197266,38.46130722022217,37.68548733744582,37.68548733744582,43263600
2026-02-25,38.374027252197266,38.76193904328594,37.850347444047856,38.732843254343635,26012300
2026-02-26,38.412818908691406,38.597074973528855,37.7921630067116,38.11218708768201,29919100
2026-02-27,38.14128112792969,39.05286897974784,38.14128112792969,38.71344525557453,38799000
2026-03-02,39.88687515258789,40.274783208821596,39.29531138997576,40.051735244122064,83817000
2026-03-03,39.712318420410156,40.73058223644099,39.5183625270231,40.43965024606089,93893800
2026-03-04,39.275917053222656,39.92566501641542,38.723145183240476,39.71231687147196,50915600
2026-03-05,39.460174560546875,39.537758397487806,38.77163465500042,39.30501058606597,53107600
2026-03-06,40.885746002197266,41.816729846413295,40.16811031015515,40.633605931664114,87228000
2026-03-09,41.85552215576172,42.93197385417998,41.38033039992446,41.94280212318485,107124400
2026-03-10,41.63247299194336,41.79733309273498,40.75967334245573,41.03121306640792,56706200
2026-03-11,43.445953369140625,43.52353720576205,41.92340571975425,41.9428016789096,73234300
2026-03-12,43.63991165161133,44.69696743737085,42.86409173990736,44.01812362735444,86124400
2026-03-13,43.319881439208984,43.96963312233328,42.95136931384393,43.261697261204475,42520400
2026-03-16,44.47391891479492,44.599990805009604,43.44595523189268,43.523539071840524,40474100
2026-03-17,44.97819900512695,45.83159897659459,44.41572731086798,44.46421535706942,51025600
2026-03-18,45.5794563293457,45.72492415909321,45.14305653950377,45.28852436925127,55074700
2026-03-19,45.36610794067383,46.6753074095245,45.27882797608378,45.77341567522765,84865000
2026-03-20,44.28965377807617,45.82190113677482,43.56232201400038,45.37580520933116,78125700
2026-03-23,44.63877868652344,44.78424653562016,42.980462963945904,43.07743906374301,65252400
2026-03-24,45.84130096435547,46.50074878207379,44.968501294022104,44.99759708263386,57455300
2026-03-25,46.06434631347656,46.11283435918954,44.900614719361215,45.094570601613896,40532900
2026-03-26,46.56863021850586,47.005030029576346,46.083742361627706,46.16132249503981,59986800
2026-03-27,47.91661834716797,47.9457104350629,46.675306604973706,47.034122586814085,54170900
2026-03-30,48.168758392333984,49.15793007385836,47.99420216561867,48.24634222589705,51454300
2026-03-31,47.19898223876953,49.022161617466466,46.209814265666665,48.55666971853548,78931700
2026-04-01,45.93827438354492,46.617118120967056,45.35641043684066,46.25830214381279,66488400
2026-04-02,46.6947021484375,47.96510596723777,46.50074626559295,47.80994200084229,38536900
2026-04-06,47.46082305908203,47.51901093486821,46.43286314933203,46.539539071906276,27848100
2026-04-07,47.043819427490234,48.06208691201583,46.937147203795966,47.606291131300594,33362800
2026-04-08,45.20124816894531,45.23034025755306,43.18411283905469,43.348976639767336,87580500
2026-04-09,46.4522590637207,47.08261107016735,45.608551512927775,46.103139208137534,58206500
2026-04-10,47.54810333251953,47.54810333251953,46.09343972300512,46.09343972300512,42860900
2026-04-13,48.27543258666992,48.72153221489623,47.76145265560563,48.246340499824974,60941100
2026-04-14,46.432865142822266,48.14936870850001,46.22920941852755,48.11057678964378,58646800
2026-04-15,45.47278594970703,46.646213761261095,45.31762197214121,46.500749613206224,61852100
2026-04-16,47.1117057800293,47.208681871294765,45.34671058391167,45.86069422594074,54484300
2026-04-17,44.823036193847656,45.143060266552816,43.513836716233236,45.09457221910063,105186900
2026-04-20,45.59885787963867,46.044953853127105,45.104270157352815,45.81220973626403,41904500
2026-04-22,46.22920608520508,46.529837885562536,45.821902064785995,46.20011399786107,51063000
2026-04-23,46.97968673706055,47.28455940328853,46.12408119195152,46.57646998577134,38666800
2026-04-24,46.37977981567383,46.73382453780353,45.681527031243874,46.714154969731155,34880200
2026-04-27,46.5863037109375,47.373067659989125,46.38961178577799,46.43878758075769,31543600
2026-04-28,46.73382568359375,47.24522321125404,46.67481697792989,46.86167600340548,29389700
2026-04-29,48.150001525878906,48.48437669279139,47.20588473162716,47.30422882418338,47685000
2026-04-30,48.26801681518555,48.563052831460084,47.491085762779626,48.00248327506252,36666100
2026-05-04,48.52371597290039,49.025276848948245,48.11066252946099,48.464707266241426,41319600
2026-05-05,47.85496520996094,48.218842852143254,47.53042670520012,48.071326714192566,28066500
2026-05-06,46.48796081542969,46.70432231380818,45.81921050370212,45.93722416118741,62009100
2026-05-07,45.4553337097168,45.878220054390674,44.452208223624346,45.63235607500291,71214500
2026-05-08,44.9144287109375,45.77987094487844,44.9144287109375,45.62251815248795,32914200
2026-05-11,45.66185760498047,45.740532125927786,44.894763205708145,45.44549610709893,50622200
2026-05-12,44.92426681518555,45.48483639057489,44.64890035754492,45.48483639057489,81072700
2026-05-13,43.8326301574707,45.07178672047662,43.62610531416526,45.012778014566514,57251900
2026-05-14,44.255516052246094,44.619393689342544,43.64577443708161,43.724448959238366,47760000
2026-05-15,44.71773910522461,44.786580715221525,44.23584408365985,44.639060835750215,59380500
2026-05-18,45.67169189453125,45.69136146325959,43.73428626962283,44.353860802425636,57388200
2026-05-19,45.327484130859375,45.534008976539916,44.83575616404666,45.2291400381315,40943000
2026-05-20,43.86213302612305,45.642189611972974,43.80312807127291,45.01277841632718,52780200
2026-05-21,44.20634460449219,44.894764502705456,43.763788687670335,44.353860742375055,57725900
2026-05-22,43.744117736816406,44.00965127851964,43.144209040922405,43.999818370272784,39634300
2026-05-25,42.68198776245117,43.095037441642695,42.25910142332469,42.77049894393315,26720900
2026-05-26,42.72132110595703,43.07536581496661,42.445954666321306,42.642646588169555,36040500
2026-05-27,42.11157989501953,42.4754575151079,41.45266626535718,41.55101035135304,53745400
2026-05-28,41.80670928955078,42.46562670332492,41.55101240238803,42.3869484293754,37534800
2026-05-29,41.30514907836914,41.649357153387555,41.12812671076348,41.501841014773944,73281800
2026-06-01,41.66902542114258,42.3082732566021,41.26580865231648,41.698531649213336,73925300
2026-06-02,41.56999969482422,41.97999954223633,41.439998626708984,41.900001525878906,27318300
2026-06-03,41.25,41.869998931884766,41.25,41.650001525878906,42895100
2026-06-05,40.88999938964844,41.43000030517578,40.650001525878906,41.029998779296875,34730900
2026-06-08,41.220001220703125,41.31999969482422,40.83000183105469,41.20000076293945,34043600
2026-06-09,41.16999816894531,41.369998931884766,40.70000076293945,40.880001068115234,56680400
2026-06-10,41.650001525878906,42.040000915527344,41.0099983215332,41.209999084472656,44953200
2026-06-11,41.7599983215332,42.150001525878906,41.15999984741211,41.650001525878906,52321500
2026-06-12,41.18000030517578,41.529998779296875,40.81999969482422,41.060001373291016,34082200
2026-06-15,39.060001373291016,39.91999816894531,39.060001373291016,39.84000015258789,54174000
2026-06-16,38.540000915527344,38.779998779296875,38.20000076293945,38.45000076293945,36250100
2026-06-17,38.56999969482422,38.86000061035156,38.27000045776367,38.709999084472656,66882000
2026-06-18,38.849998474121094,39.09000015258789,37.40999984741211,38.29999923706055,53332600
2026-06-19,38.79999923706055,39.11000061035156,38.619998931884766,38.86000061035156,44775800
2026-06-22,39.16999816894531,39.209999084472656,38.47999954223633,38.75,35488200
2026-06-23,39.33000183105469,39.56999969482422,38.84000015258789,38.959999084472656,27398600
2026-06-24,38.290000915527344,38.97999954223633,38.130001068115234,38.900001525878906,59191400
2026-06-25,38.45000076293945,38.66999816894531,37.91999816894531,38.119998931884766,25152300
2026-06-26,38.060001373291016,38.25,37.93000030517578,38.06999969482422,23383000
2026-06-29,38.13999938964844,38.369998931884766,37.91999816894531,38.20000076293945,14924800
2026-06-30,37.79999923706055,38.18000030517578,37.7400016784668,38.16999816894531,31974300
2026-07-01,37.83000183105469,37.84000015258789,37.400001525878906,37.5,21094300
2026-07-02,37.959999084472656,38.459999084472656,37.650001525878906,37.88999938964844,21888800
2026-07-03,38.25,38.25,37.86000061035156,38.06999969482422,10369500
2026-07-06,37.77000045776367,38.02000045776367,37.61000061035156,37.95000076293945,20811400
2026-07-07,38.439998626708984,38.77000045776367,37.91999816894531,38.0,39823600
2026-07-08,39.650001525878906,39.75,39.0,39.650001525878906,40215300
2026-07-09,39.209999084472656,39.97999954223633,38.88999938964844,39.7400016784668,33386500
2026-07-10,39.650001525878906,39.970001220703125,39.34000015258789,39.63999938964844,27316800
2026-07-13,40.65999984741211,40.91999816894531,40.2400016784668,40.5099983215332,43045700
2026-07-14,40.65999984741211,41.310001373291016,40.11000061035156,41.20000076293945,32649500
2026-07-15,40.59000015258789,40.79999923706055,40.22999954223633,40.40999984741211,25608800
2026-07-16,39.88999938964844,40.86000061035156,39.88999938964844,40.380001068115234,20551700
2026-07-17,40.900001525878906,41.11000061035156,40.40999984741211,40.40999984741211,32168300
2026-07-20,41.150001525878906,41.439998626708984,40.470001220703125,41.20000076293945,26987600
2026-07-21,41.65999984741211,41.70000076293945,41.130001068115234,41.209999084472656,38631400
2026-07-22,42.58000183105469,42.7400016784668,41.970001220703125,42.099998474121094,38292200
2026-07-23,42.95000076293945,43.4900016784668,42.86000061035156,43.400001525878906,25257900
2026-07-24,42.209999084472656,42.90999984741211,42.150001525878906,42.369998931884766,29151600
2026-07-27,41.0099983215332,41.47999954223633,40.81999969482422,41.20000076293945,32902600
2026-07-28,41.209999084472656,41.77000045776367,40.880001068115234,41.02000045776367,29885300
